type,name,module,path,hash
"yaml","manifest","_config","_config/manifest.yaml","71c19f8d6657734264fae3ac348ec561c3d1eee93c8618ba15ee052b81872604"
"csv","documentation-requirements","bmm","bmm/1-analysis/bmad-document-project/documentation-requirements.csv","d1253b99e88250f2130516b56027ed706e643bfec3d99316727a4c6ec65c6c1d"
"csv","domain-complexity","bmm","bmm/3-solutioning/bmad-create-architecture/data/domain-complexity.csv","3dc34ed39f1fc79a51f7b8fc92087edb7cd85c4393a891d220f2e8dd5a101c70"
"csv","module-help","bmm","bmm/module-help.csv","44aeae5ba00ace308ebfba304548613b75c4ee4e9875e9a1afc9385689fbfe5f"
"csv","project-types","bmm","bmm/3-solutioning/bmad-create-architecture/data/project-types.csv","12343635a2f11343edb1d46906981d6f5e12b9cad2f612e13b09460b5e5106e7"
"html","validation-report-template","bmm","bmm/2-plan-workflows/bmad-prd/assets/validation-report-template.html","a80becdd8205d2d7c18738855830b096172a496b96b5ca8a0820ec55c9bb8bf9"
"html","validation-report-template","bmm","bmm/2-plan-workflows/bmad-ux/assets/validation-report-template.html","8656945636fabe96624f8ef8fce931b073b5aecbe42d490584c1d5c7f31e1353"
"json","bmad-manifest","bmm","bmm/1-analysis/bmad-prfaq/bmad-manifest.json","7908cab6f0cd66f1f3427b4cc659975b4737bdc44f789b23c6a895fcd084c4bc"
"json","project-scan-report-schema","bmm","bmm/1-analysis/bmad-document-project/templates/project-scan-report-schema.json","8466965321f1db22f5013869636199f67e0113706283c285a7ffbbf5efeea321"
"md","architecture-decision-template","bmm","bmm/3-solutioning/bmad-create-architecture/architecture-decision-template.md","5d9adf90c28df61031079280fd2e49998ec3b44fb3757c6a202cda353e172e9f"
"md","artifact-analyzer","bmm","bmm/1-analysis/bmad-prfaq/agents/artifact-analyzer.md","7bdc44830f8d593346ec0ee15e36e1e431432fcc6c38b70bb861999315c9cfa4"
"md","brief-template","bmm","bmm/1-analysis/bmad-product-brief/assets/brief-template.md","bb28edf75d023067551c8d417b19b8803324e7acfb2ad0c80f882e9134f4c1f1"
"md","case-file-template","bmm","bmm/4-implementation/bmad-investigate/references/case-file-template.md","9dccb41f3f3fc796b42411966e51b32c4231aaceb4b6bb1880a16225a990002e"
"md","checklist","bmm","bmm/1-analysis/bmad-document-project/checklist.md","581b0b034c25de17ac3678db2dbafedaeb113de37ddf15a4df6584cf2324a7d7"
"md","checklist","bmm","bmm/4-implementation/bmad-correct-course/checklist.md","3e082b95def90ccb876e3101ce0bbaf797a0f03a9471e1347361897f27977327"
"md","checklist","bmm","bmm/4-implementation/bmad-create-story/checklist.md","b94e28e774c3be0288f04ea163424bece4ddead5cd3f3680d1603ed07383323a"
"md","checklist","bmm","bmm/4-implementation/bmad-dev-story/checklist.md","630b68c6824a8785003a65553c1f335222b17be93b1bd80524c23b38bde1d8af"
"md","checklist","bmm","bmm/4-implementation/bmad-qa-generate-e2e-tests/checklist.md","b58f810aeb1040c2f6758c88aa133afce72f8cc178d3d97ff0fbaa3d943057dc"
"md","checklist","bmm","bmm/4-implementation/bmad-sprint-planning/checklist.md","80b10aedcf88ab1641b8e5f99c9a400c8fd9014f13ca65befc5c83992e367dd7"
"md","color-themes","bmm","bmm/2-plan-workflows/bmad-ux/assets/color-themes.md","48fac7943e8584ccf7dd1bcdfdfd4513366a086a3a84965b6b302ccf6607c171"
"md","compile-epic-context","bmm","bmm/4-implementation/bmad-quick-dev/compile-epic-context.md","5cfda02f252941e415b80c57b4528f46226b3cbf456ad45d78fcb5a7ef4816e2"
"md","creative-tools","bmm","bmm/2-plan-workflows/bmad-ux/references/creative-tools.md","adb3e976aa60ccb5d8c8a34294c70806c424ec784b6b532d8f9032b92caffa67"
"md","customer-faq","bmm","bmm/1-analysis/bmad-prfaq/references/customer-faq.md","96f8565197649c58908a1d61b6cd805fd01f57da7945ba889c18d087ad597aeb"
"md","deep-dive-instructions","bmm","bmm/1-analysis/bmad-document-project/workflows/deep-dive-instructions.md","a79e24b93a25ab456062916a9dad7b6a16dc43ac0b4b555700d3c3751cff0d25"
"md","deep-dive-template","bmm","bmm/1-analysis/bmad-document-project/templates/deep-dive-template.md","6198aa731d87d6a318b5b8d180fc29b9aa53ff0966e02391c17333818e94ffe9"
"md","deep-dive-workflow","bmm","bmm/1-analysis/bmad-document-project/workflows/deep-dive-workflow.md","a64d98dfa3b771df2853c4fa19a4e9c90d131e409e13b4c6f5e494d6ac715125"
"md","design-directions","bmm","bmm/2-plan-workflows/bmad-ux/assets/design-directions.md","a27225c4ebd80689d8f98c711c15ce8d525c0229bf7247591a7423f20ba88e74"
"md","design-example-editorial","bmm","bmm/2-plan-workflows/bmad-ux/assets/design-example-editorial.md","a659166845b1a4ed3f9aef942c5935537a97382b10303684fbb78ed86265870e"
"md","design-example-mobile","bmm","bmm/2-plan-workflows/bmad-ux/assets/design-example-mobile.md","a93fb9f114f2e83af0c961c0d7909b3859fc80bcd713715517cd639a53a0372a"
"md","design-example-shadcn","bmm","bmm/2-plan-workflows/bmad-ux/assets/design-example-shadcn.md","25e0dfb2bb21483973a8f0a6ed650288b3dc2ae5ed02aa0f091bb9b6b0b39fc0"
"md","design-md-spec","bmm","bmm/2-plan-workflows/bmad-ux/references/design-md-spec.md","d04d5f663607aba3f3181e818ae33856e6caf5e560dcb16fa64ed80b7cf3d590"
"md","discover-inputs","bmm","bmm/4-implementation/bmad-create-story/discover-inputs.md","dfedba6a8ea05c9a91c6d202c4b29ee3ea793d8ef77575034787ae0fef280507"
"md","epics-template","bmm","bmm/3-solutioning/bmad-create-epics-and-stories/templates/epics-template.md","a804f740155156d89661fa04e7a4264a8f712c4dc227c44fd8ae804a9b0f6b72"
"md","excalidraw-wireframe","bmm","bmm/2-plan-workflows/bmad-ux/assets/excalidraw-wireframe.md","660bbcdebff50cd044a3752eda43f3cb303aca4b0f521b55a270da93b89ddb18"
"md","experience-example-mobile","bmm","bmm/2-plan-workflows/bmad-ux/assets/experience-example-mobile.md","f8cd54c92193cd8c34a472df9c212ac7330976f6a115b729721dcb60034dc4f0"
"md","experience-example-shadcn","bmm","bmm/2-plan-workflows/bmad-ux/assets/experience-example-shadcn.md","d6ca16e87b768e8b41f352c02ee08af21d7cdac04ca21e6ae1556864b4d27590"
"md","explain-concept","bmm","bmm/1-analysis/bmad-agent-tech-writer/explain-concept.md","6ea82dbe4e41d4bb8880cbaa62d936e40cef18f8c038be73ae6e09c462abafc9"
"md","full-scan-instructions","bmm","bmm/1-analysis/bmad-document-project/workflows/full-scan-instructions.md","2235945df2ae261265187447ce593238e132a026a9b88d3507a1f1d6808a0263"
"md","full-scan-workflow","bmm","bmm/1-analysis/bmad-document-project/workflows/full-scan-workflow.md","3bff88a392c16602bd44730f32483505e73e65e46e82768809c13a0a5f55608b"
"md","generate-trail","bmm","bmm/4-implementation/bmad-checkpoint-preview/generate-trail.md","4a5936d86fbe5a85285b4535097b1e2edda8849da35586f4b588a982d7224459"
"md","headless","bmm","bmm/2-plan-workflows/bmad-prd/references/headless.md","79d2c05481f016b73bff0169a9fff4bb7f54608904c91c717b6b7627c5e63b48"
"md","headless","bmm","bmm/2-plan-workflows/bmad-ux/references/headless.md","26943a9482800603334a9eeb3f27363ac91d4061ae3ee67d32a0f78e1fe61c22"
"md","headless-schemas","bmm","bmm/2-plan-workflows/bmad-prd/assets/headless-schemas.md","66a5b1f0ce22c7baf3a6b6a14feb7458491b1106bef437389cd6291f81eebd7f"
"md","headless-schemas","bmm","bmm/2-plan-workflows/bmad-ux/assets/headless-schemas.md","ea85db9a686eb59cb62395b72ea6f27c8ff4205a17edb5b70d959c6ed16a8b94"
"md","index-template","bmm","bmm/1-analysis/bmad-document-project/templates/index-template.md","42c8a14f53088e4fda82f26a3fe41dc8a89d4bcb7a9659dd696136378b64ee90"
"md","instructions","bmm","bmm/1-analysis/bmad-document-project/instructions.md","9f4bc3a46559ffd44289b0d61a0f8f26f829783aa1c0e2a09dfa807fa93eb12f"
"md","internal-faq","bmm","bmm/1-analysis/bmad-prfaq/references/internal-faq.md","26eb83f844cda1ed8efb50f4703d61713ada8a64bd27eb387f759f858b5748de"
"md","key-screens","bmm","bmm/2-plan-workflows/bmad-ux/assets/key-screens.md","a546c6071f62ee4298c7ecb2b4d52e90d5db82dd65ed6a870787b2d54c0f9204"
"md","mermaid-gen","bmm","bmm/1-analysis/bmad-agent-tech-writer/mermaid-gen.md","1d83fcc5fa842bc31ecd9fd7e45fbf013fabcadf0022d3391fff5b53b48e4b5d"
"md","prd-template","bmm","bmm/2-plan-workflows/bmad-prd/assets/prd-template.md","41e77bd5c4ee81c3f383b55d6f515147afc9c4bd1a3317ddf55a9282deae495c"
"md","prd-validation-checklist","bmm","bmm/2-plan-workflows/bmad-prd/assets/prd-validation-checklist.md","41d9f09064772a92ec908d970618e47ba63dc86b5c5a1a21d5a2c676d3ba8e3f"
"md","press-release","bmm","bmm/1-analysis/bmad-prfaq/references/press-release.md","c406adb0e2d2cc326cbc45d0174f89d014523448ad82bc272293999d22aec596"
"md","prfaq-template","bmm","bmm/1-analysis/bmad-prfaq/assets/prfaq-template.md","b27e6964f0437ab4e78c8c0ffbe5052c28e3b3ef2fc811726cbb394d5a5c7559"
"md","project-context-template","bmm","bmm/3-solutioning/bmad-generate-project-context/project-context-template.md","54e351394ceceb0ac4b5b8135bb6295cf2c37f739c7fd11bb895ca16d79824a5"
"md","project-overview-template","bmm","bmm/1-analysis/bmad-document-project/templates/project-overview-template.md","a7c7325b75a5a678dca391b9b69b1e3409cfbe6da95e70443ed3ace164e287b2"
"md","readiness-report-template","bmm","bmm/3-solutioning/bmad-check-implementation-readiness/templates/readiness-report-template.md","0da97ab1e38818e642f36dc0ef24d2dae69fc6e0be59924dc2dbf44329738ff6"
"md","research.template","bmm","bmm/1-analysis/research/bmad-domain-research/research.template.md","507bb6729476246b1ca2fca4693986d286a33af5529b6cd5cb1b0bb5ea9926ce"
"md","research.template","bmm","bmm/1-analysis/research/bmad-market-research/research.template.md","507bb6729476246b1ca2fca4693986d286a33af5529b6cd5cb1b0bb5ea9926ce"
"md","research.template","bmm","bmm/1-analysis/research/bmad-technical-research/research.template.md","507bb6729476246b1ca2fca4693986d286a33af5529b6cd5cb1b0bb5ea9926ce"
"md","SKILL","bmm","bmm/1-analysis/bmad-agent-analyst/SKILL.md","fca38a404e79508ebc39235d0162bcb475b02407a913e3e5bd8c5526b2b261a6"
"md","SKILL","bmm","bmm/1-analysis/bmad-agent-tech-writer/SKILL.md","7544242ff68d0ddfd466274f40ae9f3b0ea06ee5f5f938f68f953e19b3598cd7"
"md","SKILL","bmm","bmm/1-analysis/bmad-document-project/SKILL.md","806d73f66a8f3f3e7b3cbd3b9a87ad4d8b9aabd3ff91f37c96edef36a17aa2b3"
"md","SKILL","bmm","bmm/1-analysis/bmad-prfaq/SKILL.md","42bbfe91af6826463c30dad6ba4038ebc755e8b3bc3d74b7853bd0432f4384c1"
"md","SKILL","bmm","bmm/1-analysis/bmad-product-brief/SKILL.md","1aa3756bf48864462970c53801cb5b39c12b525a3f8d9411e3d1f5e4b7afdb94"
"md","SKILL","bmm","bmm/1-analysis/research/bmad-domain-research/SKILL.md","2308f7e21f78d7f2ed43d560dbcdbfa2af236d6a81988495f28baf0e81a03206"
"md","SKILL","bmm","bmm/1-analysis/research/bmad-market-research/SKILL.md","13f2c2148061dc6688c4c9d81b5e5b98fbfe4d7294eba0daa0cac5b17f7a0593"
"md","SKILL","bmm","bmm/1-analysis/research/bmad-technical-research/SKILL.md","290c5aec88886a623f620e59e43090d11791b0fade357bae2b9de9ae510d3159"
"md","SKILL","bmm","bmm/2-plan-workflows/bmad-agent-pm/SKILL.md","e2ebea0bf6ee158fcb9e62731a185983f2ac59f664940f4f4320cf10e1bbdf92"
"md","SKILL","bmm","bmm/2-plan-workflows/bmad-agent-ux-designer/SKILL.md","d780ae59b9fb7e3a94c5ffe4ec75f90942d4a9a3944af4b36c2d279fdd7801db"
"md","SKILL","bmm","bmm/2-plan-workflows/bmad-create-prd/SKILL.md","143c5c2d85734021db343ff3dbf143e804eddbf9fb519fb824b70f1a9154767d"
"md","SKILL","bmm","bmm/2-plan-workflows/bmad-edit-prd/SKILL.md","31ecfe3c16513d994e44e648a7f2d4f4a6ccf297ca6c1826aa68ef7b053e7ff2"
"md","SKILL","bmm","bmm/2-plan-workflows/bmad-prd/SKILL.md","53e3212e2c3321b70dd05b29ac6b9089a0d7eeb345fd99d9d6439e1c294e85b2"
"md","SKILL","bmm","bmm/2-plan-workflows/bmad-ux/SKILL.md","e514708b3c56848ec9dece8845efc96d2cf3b36fb18c04ff464653cab1165a0c"
"md","SKILL","bmm","bmm/2-plan-workflows/bmad-validate-prd/SKILL.md","931439b8c84bc454d0596a1ad35d6583c1926c941f2928c54b31aea702c24b53"
"md","SKILL","bmm","bmm/3-solutioning/bmad-agent-architect/SKILL.md","82bbf22ff3a4571741c9339ae6b7c35676a6e26a3237ceca487abe85369e91a0"
"md","SKILL","bmm","bmm/3-solutioning/bmad-check-implementation-readiness/SKILL.md","a7e12eae2bdb5a95cc0534e6d5bf58e7ce4b947327a494d475ef98e67f03718a"
"md","SKILL","bmm","bmm/3-solutioning/bmad-create-architecture/SKILL.md","9863398b2a4e4603130d86f70b1e76bead4ffbf5b9883a12d9d57a925efdaed4"
"md","SKILL","bmm","bmm/3-solutioning/bmad-create-epics-and-stories/SKILL.md","4ec9ec255c2c0e97ae912342ae1445318e672aa1c2a9e412806b7d7ef7d5a6a7"
"md","SKILL","bmm","bmm/3-solutioning/bmad-generate-project-context/SKILL.md","f25e05d8c3923f331f96a73e6ba8bb8b055b5ca2aa548402a3b633141b8dea21"
"md","SKILL","bmm","bmm/4-implementation/bmad-agent-dev/SKILL.md","54ab6d9d60d7ed7e84d6510cf325734b66feb1b419131436672559584b4bf508"
"md","SKILL","bmm","bmm/4-implementation/bmad-checkpoint-preview/SKILL.md","34613078dbea9c55e45df016399328d8360579fd381301a5de78bb52c3597591"
"md","SKILL","bmm","bmm/4-implementation/bmad-code-review/SKILL.md","469e9478941710a1a752cac3e8c3c0e5f8828e63b27359a8c236d83d5deb4940"
"md","SKILL","bmm","bmm/4-implementation/bmad-correct-course/SKILL.md","5064ef2e7aedfb094bef912d5e4d6680318a1904d9bcdc7875d3dc16bb253ea4"
"md","SKILL","bmm","bmm/4-implementation/bmad-create-story/SKILL.md","23551a5b6ad1df44cd8020065d3ccbc8afafcb00961aca203a90d0584ea08190"
"md","SKILL","bmm","bmm/4-implementation/bmad-dev-story/SKILL.md","f12801307b157f04d2bde7da104e1ebde3f2898bd3a60326da928d5b9fc793ac"
"md","SKILL","bmm","bmm/4-implementation/bmad-investigate/SKILL.md","c544661dd73d01728c8de8c96622d16b8e8ffe423352f04b2093d5d4b6a0274a"
"md","SKILL","bmm","bmm/4-implementation/bmad-qa-generate-e2e-tests/SKILL.md","9e78729569b2dc8e24e5f8eb016a851c4efd5c1920e2c91e0e3175fc6899d98d"
"md","SKILL","bmm","bmm/4-implementation/bmad-quick-dev/SKILL.md","4c67bf5f805cd73c2a45587f24dcc88c2ea16fce7bfb53c1d9de1479763a5b68"
"md","SKILL","bmm","bmm/4-implementation/bmad-retrospective/SKILL.md","ced7497014942601a47c66193d0f2a6daf0c4da3d64c14691c5900a7fca4398e"
"md","SKILL","bmm","bmm/4-implementation/bmad-sprint-planning/SKILL.md","ee30e6b908ea266e308d51c4163d55dceb2913fb09359b647fe5533852572b60"
"md","SKILL","bmm","bmm/4-implementation/bmad-sprint-status/SKILL.md","1f4b2ff81d337101d836d3eb8e73998b0495423593675a688aee43cec23eebf1"
"md","source-tree-template","bmm","bmm/1-analysis/bmad-document-project/templates/source-tree-template.md","109bc335ebb22f932b37c24cdc777a351264191825444a4d147c9b82a1e2ad7a"
"md","spec-template","bmm","bmm/4-implementation/bmad-quick-dev/spec-template.md","3ee15d5a63cf5eeee74149c590668fc61d0e44023eac12988a1ca2a9438a9d39"
"md","step-01-clarify-and-route","bmm","bmm/4-implementation/bmad-quick-dev/step-01-clarify-and-route.md","b5eb9f0cecf2a462885b8e7b4c21abbaec1e95c8abbd76bc410d9090fd8379f0"
"md","step-01-discover","bmm","bmm/3-solutioning/bmad-generate-project-context/steps/step-01-discover.md","8b2c8c7375f8a3c28411250675a28c0d0a9174e6c4e67b3d53619888439c4613"
"md","step-01-document-discovery","bmm","bmm/3-solutioning/bmad-check-implementation-readiness/steps/step-01-document-discovery.md","c763b512d55906122433cb65c1bcd5b5b283e45eacdc07281c8ec7596b6b3980"
"md","step-01-gather-context","bmm","bmm/4-implementation/bmad-code-review/steps/step-01-gather-context.md","d0ee7558605e9d48b5b6f15d9b535542eb6d922613f529bb520326eacade4171"
"md","step-01-init","bmm","bmm/1-analysis/research/bmad-domain-research/domain-steps/step-01-init.md","efee243f13ef54401ded88f501967b8bc767460cec5561b2107fc03fe7b7eab1"
"md","step-01-init","bmm","bmm/1-analysis/research/bmad-market-research/steps/step-01-init.md","64d5501aea0c0005db23a0a4d9ee84cf4e9239f553c994ecc6b1356917967ccc"
"md","step-01-init","bmm","bmm/1-analysis/research/bmad-technical-research/technical-steps/step-01-init.md","c9a1627ecd26227e944375eb691e7ee6bc9f5db29a428a5d53e5d6aef8bb9697"
"md","step-01-init","bmm","bmm/3-solutioning/bmad-create-architecture/steps/step-01-init.md","5119205b712ebda0cd241c3daad217bb0f6fa9e6cb41d6635aec6b7fe83b838a"
"md","step-01-orientation","bmm","bmm/4-implementation/bmad-checkpoint-preview/step-01-orientation.md","d9e3b949c36d49a025f3535773af2b51888fe4ce616b6d6d69683a122716b1d2"
"md","step-01-validate-prerequisites","bmm","bmm/3-solutioning/bmad-create-epics-and-stories/steps/step-01-validate-prerequisites.md","5c2aabc871363d84fc2e12fd83a3889e9d752b6bd330e31a0067c96204dd4880"
"md","step-01b-continue","bmm","bmm/3-solutioning/bmad-create-architecture/steps/step-01b-continue.md","4bf216008297dcea25f8be693109cf17879c621865b302c994cdd15aa5124e5f"
"md","step-02-context","bmm","bmm/3-solutioning/bmad-create-architecture/steps/step-02-context.md","4381c5128de7d5c02ac806a1263e3965754bd2598954f3188219fbd87567e5c9"
"md","step-02-customer-behavior","bmm","bmm/1-analysis/research/bmad-market-research/steps/step-02-customer-behavior.md","bac4de244049f90d1f2eb95e2cc9389cc84966d9538077fef1ec9c35e4533849"
"md","step-02-design-epics","bmm","bmm/3-solutioning/bmad-create-epics-and-stories/steps/step-02-design-epics.md","7c66987808c1f84e853fe54b7aff26d209196d450b5644704110f124a15179bc"
"md","step-02-domain-analysis","bmm","bmm/1-analysis/research/bmad-domain-research/domain-steps/step-02-domain-analysis.md","385a288d9bbb0adf050bcce4da4dad198a9151822f9766900404636f2b0c7f9d"
"md","step-02-generate","bmm","bmm/3-solutioning/bmad-generate-project-context/steps/step-02-generate.md","b1f063edae66a74026b67a79a245cec7ee85438bafcacfc70dcf6006b495e060"
"md","step-02-plan","bmm","bmm/4-implementation/bmad-quick-dev/step-02-plan.md","72f4df415adceaaf554166983559e058c6a019d783d0f87cf42c401db3c5f52c"
"md","step-02-prd-analysis","bmm","bmm/3-solutioning/bmad-check-implementation-readiness/steps/step-02-prd-analysis.md","38be2bf4b924c0b5b395b57d68f685d790ade7b1a6c10993d3c550675f87d954"
"md","step-02-review","bmm","bmm/4-implementation/bmad-code-review/steps/step-02-review.md","1883758e0e91fba439497d04417f03d778f3f6fb12754f49aa8cfa5e15489f70"
"md","step-02-technical-overview","bmm","bmm/1-analysis/research/bmad-technical-research/technical-steps/step-02-technical-overview.md","9c7582241038b16280cddce86f2943216541275daf0a935dcab78f362904b305"
"md","step-02-walkthrough","bmm","bmm/4-implementation/bmad-checkpoint-preview/step-02-walkthrough.md","66cf893f8f968ee81034e9ccd8c20415692c3a8c23a9a143c2245fe6c800acdc"
"md","step-03-competitive-landscape","bmm","bmm/1-analysis/research/bmad-domain-research/domain-steps/step-03-competitive-landscape.md","f10aa088ba00c59491507f6519fb314139f8be6807958bb5fd1b66bff2267749"
"md","step-03-complete","bmm","bmm/3-solutioning/bmad-generate-project-context/steps/step-03-complete.md","e61463db76a8fa060411aa24127aee936d646b97564e9e2a883494ea50e68464"
"md","step-03-create-stories","bmm","bmm/3-solutioning/bmad-create-epics-and-stories/steps/step-03-create-stories.md","c5b787a82e4e49ed9cd9c028321ee1689f32b8cd69d89eea609b37cd3d481afc"
"md","step-03-customer-pain-points","bmm","bmm/1-analysis/research/bmad-market-research/steps/step-03-customer-pain-points.md","5b2418ccaaa89291c593efed0311b3895faad1e9181800d382da823a8eb1312a"
"md","step-03-detail-pass","bmm","bmm/4-implementation/bmad-checkpoint-preview/step-03-detail-pass.md","d48163b9f305f15af57729a8443142e47beb6c3e977554afe12b39ee49cb9fc0"
"md","step-03-epic-coverage-validation","bmm","bmm/3-solutioning/bmad-check-implementation-readiness/steps/step-03-epic-coverage-validation.md","7b187f03a47cba0325fcfd10240410db9c59d93768342fc2dd3de2a01ec23356"
"md","step-03-implement","bmm","bmm/4-implementation/bmad-quick-dev/step-03-implement.md","4d848865eafe5eeba7d83529c766bd410a9cc20a05de1d6a764954c7275b4749"
"md","step-03-integration-patterns","bmm","bmm/1-analysis/research/bmad-technical-research/technical-steps/step-03-integration-patterns.md","005d517a2f962e2172e26b23d10d5e6684c7736c0d3982e27b2e72d905814ad9"
"md","step-03-starter","bmm","bmm/3-solutioning/bmad-create-architecture/steps/step-03-starter.md","b7727e0f37bc5325e15abad1c54bef716d617df423336090189efd1d307a0b3f"
"md","step-03-triage","bmm","bmm/4-implementation/bmad-code-review/steps/step-03-triage.md","91eaa27f6a167702ead00da9e93565c9bff79dce92c02eccbca61b1d1ed39a80"
"md","step-04-architectural-patterns","bmm","bmm/1-analysis/research/bmad-technical-research/technical-steps/step-04-architectural-patterns.md","4636f23e9c585a7a0c90437a660609d913f16362c3557fc2e71d408d6b9f46ce"
"md","step-04-customer-decisions","bmm","bmm/1-analysis/research/bmad-market-research/steps/step-04-customer-decisions.md","f0bc25f2179b7490e7a6704159a32fc9e83ab616022355ed53acfe8e2f7059d5"
"md","step-04-decisions","bmm","bmm/3-solutioning/bmad-create-architecture/steps/step-04-decisions.md","7fc0ebb63ab5ad0efc470f1063c15f14f52f5d855da2382fd17576cf060a8763"
"md","step-04-final-validation","bmm","bmm/3-solutioning/bmad-create-epics-and-stories/steps/step-04-final-validation.md","6b83fcf177c24c6b43c2eb0df2efc1430cb0f357b3ab20ee8a5c5483c3fee079"
"md","step-04-present","bmm","bmm/4-implementation/bmad-code-review/steps/step-04-present.md","eee5687e9d7da9a0aeffd78180b8289fca804fc2d59896db5f65a8dd476e4869"
"md","step-04-regulatory-focus","bmm","bmm/1-analysis/research/bmad-domain-research/domain-steps/step-04-regulatory-focus.md","d22035529efe91993e698b4ebf297bf2e7593eb41d185a661c357a8afc08977b"
"md","step-04-review","bmm","bmm/4-implementation/bmad-quick-dev/step-04-review.md","e62a50a37ab20eb426f5abd44179dfac51548707b5e85e6fe7817c144cbe3dae"
"md","step-04-testing","bmm","bmm/4-implementation/bmad-checkpoint-preview/step-04-testing.md","28a56e868968ea2d18add0df8c4bccced0f94b698e218df3d45ddac072ce369c"
"md","step-04-ux-alignment","bmm","bmm/3-solutioning/bmad-check-implementation-readiness/steps/step-04-ux-alignment.md","f71e5f0d77615e885ae40fdee6b04c1dd6e472c871f87b515fe869cb5f6966fb"
"md","step-05-competitive-analysis","bmm","bmm/1-analysis/research/bmad-market-research/steps/step-05-competitive-analysis.md","17532051ad232cfc859f09ac3b44f9f4d542eb24cff8d07317126ccdff0d225a"
"md","step-05-epic-quality-review","bmm","bmm/3-solutioning/bmad-check-implementation-readiness/steps/step-05-epic-quality-review.md","d8a84e57f4e3a321734b5b5d093458ceb1e338744f18954c5a204f5ce3576185"
"md","step-05-implementation-research","bmm","bmm/1-analysis/research/bmad-technical-research/technical-steps/step-05-implementation-research.md","e2b8a2c79bcebadc85f3823145980fa47d7e7be8d1c112f686c6223c8c138608"
"md","step-05-patterns","bmm","bmm/3-solutioning/bmad-create-architecture/steps/step-05-patterns.md","3c80aba507aa46893ef43f07c5c321b985632ef57abc82d5ee93c3d9c2911134"
"md","step-05-present","bmm","bmm/4-implementation/bmad-quick-dev/step-05-present.md","ea49ce8703d4946ec54a59ff428d52ad64ab2649f49c43230bec1f3d09e85b55"
"md","step-05-technical-trends","bmm","bmm/1-analysis/research/bmad-domain-research/domain-steps/step-05-technical-trends.md","fd6c577010171679f630805eb76e09daf823c2b9770eb716986d01f351ce1fb4"
"md","step-05-wrapup","bmm","bmm/4-implementation/bmad-checkpoint-preview/step-05-wrapup.md","c2d4dbc17fed4f8ecbfcb09a2f9c77f0d4562bd27397270e2c27ba37cf4fe073"
"md","step-06-final-assessment","bmm","bmm/3-solutioning/bmad-check-implementation-readiness/steps/step-06-final-assessment.md","1b9c8c2a21950f85e052e05309bfcb3bfe38157ba6fca402ccf37444e7f1cee3"
"md","step-06-research-completion","bmm","bmm/1-analysis/research/bmad-market-research/steps/step-06-research-completion.md","4f5d3158a8462656d6959d29544ed5c92cb925641e2205e47af05c124fcd7666"
"md","step-06-research-synthesis","bmm","bmm/1-analysis/research/bmad-domain-research/domain-steps/step-06-research-synthesis.md","805f2cb7005a4fb0c4da52ea38d45de863f3e840e0f2de1456c414831cdbdf59"
"md","step-06-research-synthesis","bmm","bmm/1-analysis/research/bmad-technical-research/technical-steps/step-06-research-synthesis.md","64d9303ef0c9ce839dc3b2d72e94e3e5b4673e82dc7fc9f1571bd0b03b3a43a7"
"md","step-06-structure","bmm","bmm/3-solutioning/bmad-create-architecture/steps/step-06-structure.md","f8333ca290b62849c1e2eb2f770b46705b09fe0322217b699b13be047efdd03e"
"md","step-07-validation","bmm","bmm/3-solutioning/bmad-create-architecture/steps/step-07-validation.md","dde4cd93a3015011da9a8a3237aafa2d15d0935205686231e58bf7064f81cc28"
"md","step-08-complete","bmm","bmm/3-solutioning/bmad-create-architecture/steps/step-08-complete.md","6466e5196be63e9e21b81d6fed45f1ff547d6ac739271201d6180febc857473d"
"md","step-oneshot","bmm","bmm/4-implementation/bmad-quick-dev/step-oneshot.md","d68648848bb8277f5b762c3528c2aa42122268037b97d252a8f4faf4edb2830e"
"md","sync-sprint-status","bmm","bmm/4-implementation/bmad-quick-dev/sync-sprint-status.md","c0f2fdb940984206a4b7aa2467fbcb7c4811f648634e43a488593974e9efff5e"
"md","template","bmm","bmm/4-implementation/bmad-create-story/template.md","29ba697368d77e88e88d0e7ac78caf7a78785a7dcfc291082aa96a62948afb67"
"md","validate","bmm","bmm/2-plan-workflows/bmad-prd/references/validate.md","689387606f3df71641a619e42d2841c815de1e05f8ceb87d2198383e3cb0f98b"
"md","validate","bmm","bmm/2-plan-workflows/bmad-ux/references/validate.md","a9863cdcfd74edb0a34189594df46a5c3a2f08ab2524257f6a38342ec0a6cead"
"md","validate-doc","bmm","bmm/1-analysis/bmad-agent-tech-writer/validate-doc.md","3b8d25f60be191716266726393f2d44b77262301b785a801631083b610d6acc5"
"md","verdict","bmm","bmm/1-analysis/bmad-prfaq/references/verdict.md","1a1cbc34090114d3a2b928456edec1563b73d84fea66c58e98780bf680f172ec"
"md","web-researcher","bmm","bmm/1-analysis/bmad-prfaq/agents/web-researcher.md","6e9127bb9bd3e4b15c701e4ced9eef328769262cd34eadc221bebe954c1f3aef"
"md","write-document","bmm","bmm/1-analysis/bmad-agent-tech-writer/write-document.md","c0ddfd981f765b82cba0921dad331cd1fa32bacdeea1f02320edfd60a0ae7e6f"
"toml","customize","bmm","bmm/1-analysis/bmad-agent-analyst/customize.toml","7191f4a60ada7dbabe083699b2461f35778af7688924dc6ce05911cf1ffc9054"
"toml","customize","bmm","bmm/1-analysis/bmad-agent-tech-writer/customize.toml","bb828f2d26a136870099226f07c61297ce88ddd335823b7549592932bbe14a2e"
"toml","customize","bmm","bmm/1-analysis/bmad-document-project/customize.toml","3bbb5044fafdd865a5fe0863df116a479f30de7fb95c9cf4213f0b87ba1ba924"
"toml","customize","bmm","bmm/1-analysis/bmad-prfaq/customize.toml","8994f925bab65bd310e5ab38781286b6137f3e0c9e89f3ab8a2f480eb05e0de5"
"toml","customize","bmm","bmm/1-analysis/bmad-product-brief/customize.toml","cdd7b417de5b280ab5bd3af65f69654b05980b5efb48077563827c16391f42d6"
"toml","customize","bmm","bmm/1-analysis/research/bmad-domain-research/customize.toml","462ef14dc1e1f6d145fdfe25e315168fd1fa278ea5f87fe0fa86689234daec2f"
"toml","customize","bmm","bmm/1-analysis/research/bmad-market-research/customize.toml","f47af9158893dd3f7ab81ac03cb07d8c76342eead61ec7c9a8a463066b7db9af"
"toml","customize","bmm","bmm/1-analysis/research/bmad-technical-research/customize.toml","7f567fddb04674f817398addbc06e6d1620883d89dcc7ac643c5a56eef5ac337"
"toml","customize","bmm","bmm/2-plan-workflows/bmad-agent-pm/customize.toml","afc2250de25241ac3577c9827e1ee62d8c7a1913de8eb23aadfffb0aadbadc37"
"toml","customize","bmm","bmm/2-plan-workflows/bmad-agent-ux-designer/customize.toml","3df7da44945f9df34dbb3a64de086c756e6c298e73078e388e8f9a4f57cbf7ab"
"toml","customize","bmm","bmm/2-plan-workflows/bmad-create-prd/customize.toml","0c990af4c0a755402abbef893850bd542744a8b6f36c0587c9f3fb6dab6bf5e7"
"toml","customize","bmm","bmm/2-plan-workflows/bmad-edit-prd/customize.toml","35cc2dfb3eda73a0ae4dc987cac58867b25c43ce5c5a1bf552e215826ede6c22"
"toml","customize","bmm","bmm/2-plan-workflows/bmad-prd/customize.toml","c30f48939b558a0e7e4c0a4d4f6eb08e50bad4464ca64c652247d114a398d459"
"toml","customize","bmm","bmm/2-plan-workflows/bmad-ux/customize.toml","1f1d7754ea7bba38d1dc3702f60eac50ceba4f515f61e296dab2f0d14281aa84"
"toml","customize","bmm","bmm/2-plan-workflows/bmad-validate-prd/customize.toml","bfb3c8af5b81b2cdb9bb84f844f1b0dafc40d8c283effa6ad48db966b9446cef"
"toml","customize","bmm","bmm/3-solutioning/bmad-agent-architect/customize.toml","32e8074896a569ce59e4db62ab3b4af396798b8fa50c67449a5d90c2a7a7e074"
"toml","customize","bmm","bmm/3-solutioning/bmad-check-implementation-readiness/customize.toml","571d81087b7a6d914cf7c2f21aa26354eac385bb2f5cfeabc591892cbb98d036"
"toml","customize","bmm","bmm/3-solutioning/bmad-create-architecture/customize.toml","618be49b0286f18dfb4b6bac3d96bf1cf062994fa5278cd327be9898e651b43c"
"toml","customize","bmm","bmm/3-solutioning/bmad-create-epics-and-stories/customize.toml","da9e43605bc6aec83173050b5d37ede6aebfa9a17c5959a5029681d73e744ba3"
"toml","customize","bmm","bmm/3-solutioning/bmad-generate-project-context/customize.toml","00b6e893b93a1be7c04408f1824dad72c2c43ee02ba29210725e34394bf8225e"
"toml","customize","bmm","bmm/4-implementation/bmad-agent-dev/customize.toml","b56c0af68e2234dc57d9ebe765049ebd9df9e24909d0d9b2b4b12ddefe5291a7"
"toml","customize","bmm","bmm/4-implementation/bmad-checkpoint-preview/customize.toml","1a1e0c3a8914adda3cec925eed51287e067c7f84120de64a8df53348e7b77de5"
"toml","customize","bmm","bmm/4-implementation/bmad-code-review/customize.toml","94ad662fdf3fda372c6e24b2cbda629d0b2aa851097d02afb5905c768b1a1cde"
"toml","customize","bmm","bmm/4-implementation/bmad-correct-course/customize.toml","78095d25afb5b2d4844956f61e9ac640a62d0245174fab9406e9c289f33fd84b"
"toml","customize","bmm","bmm/4-implementation/bmad-create-story/customize.toml","1204f6de064436922f2813069778eb4eaa5f1f945aa8ea5a5ffb87897a2ba8fe"
"toml","customize","bmm","bmm/4-implementation/bmad-dev-story/customize.toml","592fa7948c4614609a59b152518f518d35e0178d6aa7c22e169d78157fd9f5aa"
"toml","customize","bmm","bmm/4-implementation/bmad-investigate/customize.toml","7ec009a4a0a9b476de98de99938f58e319dc6f410b9176910c9ed725e80519e1"
"toml","customize","bmm","bmm/4-implementation/bmad-qa-generate-e2e-tests/customize.toml","04a99926b2d79318b927434c7344dc666f143026ed99c7fcc0d6e3d68263ae66"
"toml","customize","bmm","bmm/4-implementation/bmad-quick-dev/customize.toml","5ba463713de51762eb381be787cbd657932333b808be370d851fc3e40f139e2f"
"toml","customize","bmm","bmm/4-implementation/bmad-retrospective/customize.toml","0b032c342129732820ca2db386d2d5e26d033d8ac296388fc9f2e78765fab9fb"
"toml","customize","bmm","bmm/4-implementation/bmad-sprint-planning/customize.toml","f7bde2f792e8604f26122ee792c5493e270710296044b07680db7d90e886caf3"
"toml","customize","bmm","bmm/4-implementation/bmad-sprint-status/customize.toml","96261fd227befaa4685b0a5091d3e85299d4ae8e4404176b42f5ef2e2fb501bd"
"yaml","config","bmm","bmm/config.yaml","71021c17cb326755b86d84e18fa65dfbb258a8c0ef6d4646406b4e560b6429e5"
"yaml","sprint-status-template","bmm","bmm/4-implementation/bmad-sprint-planning/sprint-status-template.yaml","deeec135d875b107618dd41278349689b5f3dcb5894d7509909417a570f46fd9"
"csv","design-methods","cis","cis/skills/bmad-cis-design-thinking/design-methods.csv","6735e9777620398e35b7b8ccb21e9263d9164241c3b9973eb76f5112fb3a8fc9"
"csv","innovation-frameworks","cis","cis/skills/bmad-cis-innovation-strategy/innovation-frameworks.csv","9a14473b1d667467172d8d161e91829c174e476a030a983f12ec6af249c4e42f"
"csv","module-help","cis","cis/module-help.csv","0c02169aee8d548ee7b190c16551dc681df217c55b8fffff5fc8ada017f2270f"
"csv","solving-methods","cis","cis/skills/bmad-cis-problem-solving/solving-methods.csv","aa15c3a862523f20c199600d8d4d0a23fce1001010d7efc29a71abe537d42995"
"csv","story-types","cis","cis/skills/bmad-cis-storytelling/story-types.csv","ec5a3c713617bf7e2cf7db439303dd8f3363daa2f6db20a350c82260ade88bdb"
"md","SKILL","cis","cis/skills/bmad-cis-agent-brainstorming-coach/SKILL.md","c8bb64e96fcb7b8e8c8cc79837bcc257ed819c88cbdc42628562202d949fd28e"
"md","SKILL","cis","cis/skills/bmad-cis-agent-creative-problem-solver/SKILL.md","8cfc1f48d9d48117d2f5d89bb01d2cdd62445ee054476302cf825b945d0c8232"
"md","SKILL","cis","cis/skills/bmad-cis-agent-design-thinking-coach/SKILL.md","5dd8116434a51cb46bfbc9de5ec50c7ef8c2444d2efe140153eedb68757b9f43"
"md","SKILL","cis","cis/skills/bmad-cis-agent-innovation-strategist/SKILL.md","f1651de76dc5ab508660a8bf551479e5729c59a23cbf0e8cd601d80a8e67fbfc"
"md","SKILL","cis","cis/skills/bmad-cis-agent-presentation-master/SKILL.md","d5254702eb909bae1f77a2f0a7834a80b8b10c1c04fe22250d586da3c1a43fb4"
"md","SKILL","cis","cis/skills/bmad-cis-agent-storyteller/SKILL.md","9d9e68a34b1df789ab55b49bc40ae1745a128566ffc10abf821d98a82c1f089a"
"md","SKILL","cis","cis/skills/bmad-cis-design-thinking/SKILL.md","fc391e6eb99e6dedc36beeb454607b001c42915fc806cd8ed91508e9ee9c42c7"
"md","SKILL","cis","cis/skills/bmad-cis-innovation-strategy/SKILL.md","0e8447d328078112a39476c486b85f8c11d9b49e0b98f17881cfbb8f98706c0c"
"md","SKILL","cis","cis/skills/bmad-cis-problem-solving/SKILL.md","f734e44403df5eb123d3f1ad9247266634e92eec017d743cb1687300d897d8f1"
"md","SKILL","cis","cis/skills/bmad-cis-storytelling/SKILL.md","eca4ad520ccee2545ad275760b484fd763f2833893d4d37f364bd21d6e40c834"
"md","template","cis","cis/skills/bmad-cis-design-thinking/template.md","7834c387ac0412c841b49a9fcdd8043f5ce053e5cb26993548cf4d31b561f6f0"
"md","template","cis","cis/skills/bmad-cis-innovation-strategy/template.md","e59bd789df87130bde034586d3e68bf1847c074f63d839945e0c29b1d0c85c82"
"md","template","cis","cis/skills/bmad-cis-problem-solving/template.md","6c9efd7ac7b10010bd9911db16c2fbdca01fb0c306d871fa6381eef700b45608"
"md","template","cis","cis/skills/bmad-cis-storytelling/template.md","461981aa772ef2df238070cbec90fc40995df2a71a8c22225b90c91afed57452"
"toml","customize","cis","cis/skills/bmad-cis-agent-brainstorming-coach/customize.toml","e841aa106072cfb19a7692f4b6ed8565bd0a58cfffa3b3985759a056651361c5"
"toml","customize","cis","cis/skills/bmad-cis-agent-creative-problem-solver/customize.toml","43b3d348a4e6601e7a02ca8fcd5534975609637bacea9cbc195b997cbfa88c70"
"toml","customize","cis","cis/skills/bmad-cis-agent-design-thinking-coach/customize.toml","948f04fee1765b7a6921f73b514be529465f6fc11bc14975e289da176ec3bab6"
"toml","customize","cis","cis/skills/bmad-cis-agent-innovation-strategist/customize.toml","7a7614cf42ed09d0695977cc7cdf672595a25b744acea6ebda06f3b552ec2acc"
"toml","customize","cis","cis/skills/bmad-cis-agent-presentation-master/customize.toml","aa7144a2a769883a9f1f6a01d5f7f1700a0be7c5219aa1f8c89aca087e079a52"
"toml","customize","cis","cis/skills/bmad-cis-agent-storyteller/customize.toml","ef628ea9c6bdd80fdd2ad3a21fe010d7fe6e45bd1905f1bec81e3b114bf239c1"
"toml","customize","cis","cis/skills/bmad-cis-design-thinking/customize.toml","15991e2d5ec5ca1bdec8c443cd2943d596515d16f768e358231ecdf264515ab8"
"toml","customize","cis","cis/skills/bmad-cis-innovation-strategy/customize.toml","0efce9f87dc9930aad015d8301c1a63c3066df0f640599d43dec8c6cd21fc38f"
"toml","customize","cis","cis/skills/bmad-cis-problem-solving/customize.toml","6a7fec618cef5bb507d209db78a9043f036caeaa91f479ee2a54f92062898067"
"toml","customize","cis","cis/skills/bmad-cis-storytelling/customize.toml","9ec1b11a809b960d1cc776d6b364cebd3533c6797c008f425672a8928fe52d96"
"yaml","config","cis","cis/config.yaml","f2875e6ed3acd574cfeb9f344148ab83c8b42aa904360824e27621bab0d47423"
"toml","config","config.toml","config.toml","34645a8eb24b56f7e1a636ed852739afe0ec26f0421dcdbe66c48fe2396097b0"
"toml","config.user","config.user.toml","config.user.toml","89d117c31e80abf3925142a264b179a3c67027627543ecbe3a191e5adabb480e"
"csv","brain-methods","core","core/bmad-brainstorming/brain-methods.csv","0ab5878b1dbc9e3fa98cb72abfc3920a586b9e2b42609211bb0516eefd542039"
"csv","methods","core","core/bmad-advanced-elicitation/methods.csv","168ffcedd12bf987b087773b12c783126bb7ba64018b54752b89ee67c16dfa84"
"csv","module-help","core","core/module-help.csv","ad3511e78826fc17447262fb585af19848e3002291715736308f9fff5b993bd5"
"md","headless-schemas","core","core/bmad-spec/assets/headless-schemas.md","85c94b15dc1f836967f0628ec36e65547b392074b5cf2ecf92b252765fbd1da6"
"md","SKILL","core","core/bmad-advanced-elicitation/SKILL.md","705cc827cab892855d07dcc926f5c9f749c3abab33e915d6ac1574aec174896b"
"md","SKILL","core","core/bmad-brainstorming/SKILL.md","f4a2c22b40ed34cdbd3282dd6161a3b869902f3bc75b58e181fc9faf78eedd9d"
"md","SKILL","core","core/bmad-customize/SKILL.md","6461073f9322f5f2ec64477d6ae5e79c601e36e3160e492fef4bc2d928d4a9a8"
"md","SKILL","core","core/bmad-editorial-review-prose/SKILL.md","b3687fe80567378627bc2a0c5034ae8d65dfeedcf2b6c90da077f4feca462d0c"
"md","SKILL","core","core/bmad-editorial-review-structure/SKILL.md","164444359d74f695a84faf7ea558d0eef39c75561e6b26669f97a165c6f75538"
"md","SKILL","core","core/bmad-help/SKILL.md","a766c6bd76bcfc4a49a683417440d39978a2e10bb5618dfd469fff03f96b4b4d"
"md","SKILL","core","core/bmad-index-docs/SKILL.md","a855d7060414e73ca4fe8e1a3e1cc4d0f2ce394846e52340bdf5a1317e0d234a"
"md","SKILL","core","core/bmad-party-mode/SKILL.md","bd13fd6cb0b0c61d215e4c394cf4b7cac3a465394c3918f4dc14910513ddb898"
"md","SKILL","core","core/bmad-review-adversarial-general/SKILL.md","7bffc39e6dba4d9123648c5d4d79e17c3c5b1efbd927c3fe0026c2dbb8d99cff"
"md","SKILL","core","core/bmad-review-edge-case-hunter/SKILL.md","f49ed9976f46b4cefa1fc8b4f0a495f16089905e6a7bbf4ce73b8f05c9ae3ee6"
"md","SKILL","core","core/bmad-shard-doc/SKILL.md","3a1538536514725fd4f31aded280ee56b9645fc61d114fd94aacb3ac52304e52"
"md","SKILL","core","core/bmad-spec/SKILL.md","13ecac915925d6786150ae312019220a6efcb8e94b9a883f095dce7e54f263ee"
"md","spec-template","core","core/bmad-spec/assets/spec-template.md","0385e0b3ad589b8af366cdce928a1e430d9afb8c5242c2ae8d887e0bade7f412"
"md","step-01-session-setup","core","core/bmad-brainstorming/steps/step-01-session-setup.md","7fd2aed9527ccdf35fc86bd4c9b27b4a530b5cfdfb90ae2b7385d3185bcd60bc"
"md","step-01b-continue","core","core/bmad-brainstorming/steps/step-01b-continue.md","49f8d78290291f974432bc8e8fce340de58ed62aa946e9e3182858bf63829920"
"md","step-02a-user-selected","core","core/bmad-brainstorming/steps/step-02a-user-selected.md","7ff3bca27286d17902ecea890494599796633e24a25ea6b31bbd6c3d2e54eba2"
"md","step-02b-ai-recommended","core","core/bmad-brainstorming/steps/step-02b-ai-recommended.md","cb77b810e0c98e080b4378999f0e250bacba4fb74c1bcb0a144cffe9989d2cbd"
"md","step-02c-random-selection","core","core/bmad-brainstorming/steps/step-02c-random-selection.md","91c6e16213911a231a41b1a55be7c939e7bbcd1463bd49cb03b5b669a90c0868"
"md","step-02d-progressive-flow","core","core/bmad-brainstorming/steps/step-02d-progressive-flow.md","6b6fbbd34bcf334d79f09e8c36ed3c9d55ddd3ebb8f8f77aa892643d1a4e3436"
"md","step-03-technique-execution","core","core/bmad-brainstorming/steps/step-03-technique-execution.md","3600f54c8d3d529f80627cf00f50168f4312ae44981909fc26bd7f5d425fab81"
"md","step-04-idea-organization","core","core/bmad-brainstorming/steps/step-04-idea-organization.md","acb7eb6a54161213bb916cabf7d0d5084316704e792a880968fc340855cdcbbb"
"md","template","core","core/bmad-brainstorming/template.md","5c99d76963eb5fc21db96c5a68f39711dca7c6ed30e4f7d22aedee9e8bb964f9"
"md","workflow","core","core/bmad-brainstorming/workflow.md","971d306262c303c3d63e2d2183c2963abc71acb72fa0964160be95a809a4a0d9"
"py","list_customizable_skills","core","core/bmad-customize/scripts/list_customizable_skills.py","8787f542930b927789e7fdf12bc5a67ff08e19865903a5ad05ff2cc8fc426b66"
"py","test_list_customizable_skills","core","core/bmad-customize/scripts/tests/test_list_customizable_skills.py","b55fc2e454f245753874f359c18ade9f3ad04debd66176c6e6bf3e403ca9c812"
"toml","customize","core","core/bmad-spec/customize.toml","b0181ba5d4038feb779a7a082a265df753220f868b66b5adb0fb2ed18401c763"
"yaml","config","core","core/config.yaml","71356846511c535eb4b2f717973abe90907a824116bafd3a0fd099a2c2f798bb"
"file",".gitignore","custom","custom/.gitignore","973b03a33f142c22cf9b65be285bebadd85790b6b55be04637d2f8c716f58fab"
"py","resolve_config","scripts","scripts/resolve_config.py","8e326149d9170477ecc21aa2aa2389d8fbaa5d1cd95db2de2ad33029ce8ae528"
"py","resolve_customization","scripts","scripts/resolve_customization.py","a56abc64ffc8924f8ded95562c7ef3f6d7f1b18f0724289fd3b95fda3567dab4"
"py","test_resolve_customization","scripts","scripts/tests/test_resolve_customization.py","3c93a68544b28e10c08fe4f8c24f296926e69bf142ace13d1c30867e3283c4cb"
"css","dev-mode","wds","wds/workflows/wds-5-agentic-development/templates/components/dev-mode.css","d1e7543bd8c6dbf615dffe12e743f3f796ead0b4ed3d41a94130a6468f4593c7"
"csv","module-help","wds","wds/module-help.csv","2ada8486867b4e58f61176ab9f4a14617cc73c99a28ff5f22b3a45b5813272fd"
"html","catalog.template","wds","wds/workflows/wds-0-project-setup/resources/wds-7-design-system/templates/catalog.template.html","8e01e16c4c02be6f3ef96bcf792ff6bdc284a57b75c8b18484263674390f1ba8"
"html","catalog.template","wds","wds/workflows/wds-7-design-system/templates/catalog.template.html","8e01e16c4c02be6f3ef96bcf792ff6bdc284a57b75c8b18484263674390f1ba8"
"html","dev-mode","wds","wds/workflows/wds-5-agentic-development/templates/components/dev-mode.html","f0be1df0f4690e363f4c03c99c674a6806fe272edad4bc4344ac7a2a5a2246ff"
"html","page-template","wds","wds/workflows/wds-5-agentic-development/templates/page-template.html","72a3ac6ac1087c0cfad93354599210fb11214555662fd4beba7034e3f9d2f516"
"js","dev-mode","wds","wds/workflows/wds-5-agentic-development/templates/components/dev-mode.js","10495ee3178200ed09360a6789c3143babe69a1dcb4503d81e2e6ce86ffcc0d2"
"js","wds-add-object","wds","wds/scripts/wds-add-object.js","dbec9dca8cb657738f03a7144c92db934598c1c6802bb043662485aafe516394"
"js","wds-add-spacing","wds","wds/scripts/wds-add-spacing.js","4dba3d3a86223957aaa7186a40d936d9f3ce1f145cacb40e75264e48c5f1d0c8"
"js","wds-init-page","wds","wds/scripts/wds-init-page.js","fbdb4134ee1ed22623e0acba1107b6dbd4b697a3764b8bbbaca0aa51299e66ba"
"js","wds-init-scenario","wds","wds/scripts/wds-init-scenario.js","3b5699858ecd190b0f14a2fce7059bd1c2c6e4ed8357c81e36b3d2e9134a29ca"
"js","wds-nav","wds","wds/scripts/wds-nav.js","ddeb86c20d9f3fb37c632910014f07ded4e08aeb48eeca7342721072f0837c2a"
"js","wds-validate","wds","wds/scripts/wds-validate.js","d4f404f67ddae82161316d4d801b2ea18a98cabde4ad194bbc25c748703bdea9"
"json","demo-data-template","wds","wds/workflows/wds-5-agentic-development/templates/demo-data-template.json","e3a6da9ddc16bcb4268eaefef2a46f0a4ce6c54d02579776309fe77e397340a0"
"md","00-context","wds","wds/workflows/wds-0-project-setup/resources/wds-1-project-brief/templates/project-brief-dialog/00-context.md","a50319312bc9ceba7a746a872b44fd51c3646d2b7090aa94827e033f642deb1d"
"md","00-context","wds","wds/workflows/wds-1-project-brief/templates/project-brief-dialog/00-context.md","a50319312bc9ceba7a746a872b44fd51c3646d2b7090aa94827e033f642deb1d"
"md","00-design-log.template","wds","wds/workflows/wds-0-project-setup/templates/folder-guides/00-design-log.template.md","a306ebb3ae3bdf81afa7d3ef6635eb22fc1d824de1612499a436f097ff94e948"
"md","00-design-system.template","wds","wds/workflows/wds-0-project-setup/templates/folder-guides/00-design-system.template.md","fedad835a92542a96ac1d9bb4af61c0c3a4319216403771fea878cbf574472bf"
"md","00-MODULAR-ARCHITECTURE-GUIDE","wds","wds/workflows/wds-4-ux-design/data/modular-architecture/00-MODULAR-ARCHITECTURE-GUIDE.md","c226e15ff815cdac8139b2d9b194a3640009dfac71f6553381b5d56c420df9f7"
"md","00-product-brief.template","wds","wds/workflows/wds-0-project-setup/templates/folder-guides/00-product-brief.template.md","3d0d0630b6fe266f7e5a8734589c768f68e3bd22ac9794606ca1107253b14b7d"
"md","00-project-info.template","wds","wds/workflows/wds-0-project-setup/resources/wds-1-project-brief/templates/00-project-info.template.md","3673943015834fc87c422093c9c587d4800a01cf5da2fe5928924e063fa22d97"
"md","00-project-info.template","wds","wds/workflows/wds-1-project-brief/templates/00-project-info.template.md","3673943015834fc87c422093c9c587d4800a01cf5da2fe5928924e063fa22d97"
"md","00-purpose-examples","wds","wds/workflows/wds-6-asset-generation/data/00-purpose-examples.md","76fea5d79cb90c39b4ece00619a847927a3feaa8e167496551c5a2623c45d152"
"md","00-trigger-map.template","wds","wds/workflows/wds-0-project-setup/templates/folder-guides/00-trigger-map.template.md","b633021e362a49ac1399e201dc09a0e0522f47a65e4d1954fb564fae74f0d34f"
"md","00-ux-scenarios.template","wds","wds/workflows/wds-0-project-setup/templates/folder-guides/00-ux-scenarios.template.md","e5b06a489d41dbffc7b0a8e0d06be16de081efa88595be65126946b8b63e0918"
"md","01-platform-confirmation","wds","wds/workflows/wds-4-ux-design/data/scenario-init/01-platform-confirmation.md","4b9084577efa4e1d1311def79bac6517e402b4b36d5e4f2f709d78ef820733ad"
"md","01-start-understand-routing","wds","wds/workflows/wds-0-alignment-signoff/data/01-start-understand-routing.md","881011ad64818c4b419a250f548d6aa309dda85815a5d5cd47c5d88cf7be491e"
"md","01-what-are-storyboards","wds","wds/workflows/wds-4-ux-design/data/modular-architecture/02-workflows/01-what-are-storyboards.md","5cc9d1c2367683f3a03a25318cacb899be6200e7e3d14ec912d17f1c104d6d1b"
"md","01-when-to-use","wds","wds/workflows/wds-4-ux-design/data/modular-architecture/02-workflows/01-when-to-use.md","4a8c0649b381c91c67c1a82ea070ea050ecad9c546d0c664e8061d6a0dcef752"
"md","02-explore-sections-routing","wds","wds/workflows/wds-0-alignment-signoff/data/02-explore-sections-routing.md","f7cea43985fa291a5d7f14efa61e74c22ebab44e72bf6dab98a6726f4c3e6b7a"
"md","02-feature-selection","wds","wds/workflows/wds-4-ux-design/data/scenario-init/02-feature-selection.md","28d74b4c0dbf8efeb5ba7317e6f8a8ff6683163dab1e14586c2af80e3deff2a3"
"md","02-file-structure","wds","wds/workflows/wds-4-ux-design/data/modular-architecture/02-workflows/02-file-structure.md","8d3a77ca28022d09148511c857e37de396690ce49edcda525ac670ca92fad216"
"md","02-vision","wds","wds/workflows/wds-0-project-setup/resources/wds-1-project-brief/templates/project-brief-dialog/02-vision.md","761e012a07570c82ad2847ae010c06cba64f7ffdeac45459de9312561a3cf480"
"md","02-vision","wds","wds/workflows/wds-1-project-brief/templates/project-brief-dialog/02-vision.md","761e012a07570c82ad2847ae010c06cba64f7ffdeac45459de9312561a3cf480"
"md","03-action-filter-example","wds","wds/workflows/wds-6-asset-generation/data/03-action-filter-example.md","f4fd32441f517d927f831b123c66320013960ae083bd8b7bee26775132efd8f8"
"md","03-entry-point","wds","wds/workflows/wds-4-ux-design/data/scenario-init/03-entry-point.md","d0bada9ae6e1e6499d004edecf5c5461343a1f36dbce1dfa6ce3eebee0b554db"
"md","03-synthesize-present-routing","wds","wds/workflows/wds-0-alignment-signoff/data/03-synthesize-present-routing.md","d1e6c5a984e6e6ebaa4cf42958d92a6e4d03af5c1060d0633a41c6b944b2d2d1"
"md","03-users","wds","wds/workflows/wds-0-project-setup/resources/wds-1-project-brief/templates/project-brief-dialog/03-users.md","b10577bfd1f97277e00d12d77c6240243c7128a76e5a6f34a9a30914fdbd3188"
"md","03-users","wds","wds/workflows/wds-1-project-brief/templates/project-brief-dialog/03-users.md","b10577bfd1f97277e00d12d77c6240243c7128a76e5a6f34a9a30914fdbd3188"
"md","04-badass-users-principles","wds","wds/workflows/wds-6-asset-generation/data/04-badass-users-principles.md","fe66948a4b8fdc7224d964cd09c3cb3134098f09f3dbbfe828fad8e2a1a48a85"
"md","04-concept","wds","wds/workflows/wds-0-project-setup/resources/wds-1-project-brief/templates/project-brief-dialog/04-concept.md","1a4788a465651750a1e79ebd0bea979d2175c9fb5a8629d87e72ec96479c0819"
"md","04-concept","wds","wds/workflows/wds-1-project-brief/templates/project-brief-dialog/04-concept.md","1a4788a465651750a1e79ebd0bea979d2175c9fb5a8629d87e72ec96479c0819"
"md","04-example-empowerment-frame","wds","wds/workflows/wds-6-asset-generation/data/04-example-empowerment-frame.md","bca8fe73e7fa066e37738584959ef04cf2bc95930008848230c8312ca33ae6e4"
"md","04-generate-signoff-routing","wds","wds/workflows/wds-0-alignment-signoff/data/04-generate-signoff-routing.md","2cb97fd0266bd417ed7d6982c0762f0710f2b4752c8185470bb7d55e4a0d8194"
"md","04-mental-state","wds","wds/workflows/wds-4-ux-design/data/scenario-init/04-mental-state.md","15fb272a2477492a50491227aefd686db6771ed1928efb8e6f4c525a6954bbc3"
"md","05-build-contract-routing","wds","wds/workflows/wds-0-alignment-signoff/data/05-build-contract-routing.md","dcf8cff065f4cd3113de81832cad1110828728aed9ee928d5c5efdf2329343bc"
"md","05-example-golden-circle","wds","wds/workflows/wds-6-asset-generation/data/05-example-golden-circle.md","f8fa7950e3b33b7b42b816bbeb6604aff73bcec26adbe0aeb8e0108299e4c370"
"md","05-golden-circle-guide","wds","wds/workflows/wds-6-asset-generation/data/05-golden-circle-guide.md","d640547dfea2a38ab545ecc8bddba0e0e75f96999b3061f7a40e34f72b1d803e"
"md","05-mutual-success","wds","wds/workflows/wds-4-ux-design/data/scenario-init/05-mutual-success.md","b0af03afdee893e2b393d5ae2ada6a38a76cdd44915dad3e9c9edd2523110a70"
"md","06-build-signoff-internal-routing","wds","wds/workflows/wds-0-alignment-signoff/data/06-build-signoff-internal-routing.md","9975bdeaba8cb7816b2279852ec65f99e985cfcecb8ec3049aaab297d1570de7"
"md","06-example-hairdresser-newsletter","wds","wds/workflows/wds-6-asset-generation/data/06-example-hairdresser-newsletter.md","192bb07f3927c089556efcc22689f9899f3d58191061e044352db49b286e9e33"
"md","06-generation-instructions","wds","wds/workflows/wds-6-asset-generation/data/06-generation-instructions.md","92be1920f0c5cdc863175886ed553cdcc87658a34030018cb90e28c7d847ae7e"
"md","06-inspiration","wds","wds/workflows/wds-0-project-setup/resources/wds-1-project-brief/templates/project-brief-dialog/06-inspiration.md","08394e410822c803c3e8be1b8b3e64a5e21e5283d61cd850dec49d8ad4ac285b"
"md","06-inspiration","wds","wds/workflows/wds-1-project-brief/templates/project-brief-dialog/06-inspiration.md","08394e410822c803c3e8be1b8b3e64a5e21e5283d61cd850dec49d8ad4ac285b"
"md","06-shortest-path","wds","wds/workflows/wds-4-ux-design/data/scenario-init/06-shortest-path.md","2b80bf99595be6d887e347dae8c2a102fac816f31312847f672bf8fbf1489e0a"
"md","07-positioning","wds","wds/workflows/wds-0-project-setup/resources/wds-1-project-brief/templates/project-brief-dialog/07-positioning.md","797a7408157caa11de8214ca29e7d11687922e8a029187949ff1b83d15fb455d"
"md","07-positioning","wds","wds/workflows/wds-1-project-brief/templates/project-brief-dialog/07-positioning.md","797a7408157caa11de8214ca29e7d11687922e8a029187949ff1b83d15fb455d"
"md","07-reference-trigger-map","wds","wds/workflows/wds-4-ux-design/data/scenario-init/07-reference-trigger-map.md","78a8d3676d4cc05ca92cc8f42e8fa44f147074bfc8ff13a7d820fa515565d51c"
"md","1-prototype-setup","wds","wds/workflows/wds-5-agentic-development/steps-p/1-prototype-setup.md","ef55b66b26926ce294c97f9b6e566a6a0e2c556cb8b138d01ee06fa00280bf42"
"md","2-scenario-analysis","wds","wds/workflows/wds-5-agentic-development/steps-p/2-scenario-analysis.md","9a9180f67ab2308118426fe19e1712a8970c8facae6b911fdcb8cb1d5a28fe03"
"md","3-logical-view-breakdown","wds","wds/workflows/wds-5-agentic-development/steps-p/3-logical-view-breakdown.md","c1ffd23d5eccea90c1731779fce24c60c13f34d702fbae3c3534a9f2aa193d84"
"md","3d-render","wds","wds/workflows/wds-6-asset-generation/data/styles/content-styles/3d-render.md","7ff49d3e2d996a27f791a9650860a8af8bf2f92ff736a609b3d331ca98f2eb1c"
"md","4a-announce-and-gather","wds","wds/workflows/wds-5-agentic-development/steps-p/4a-announce-and-gather.md","e45889d356f2786373e345071fd009e47aa3de5d9d0e12e99f0f4b5b7fa35bfe"
"md","4b-create-story-file","wds","wds/workflows/wds-5-agentic-development/steps-p/4b-create-story-file.md","f0876db52b5b7f6b4e08c90a30565a62f3be17340ab6286abc760a1a1fc24bbb"
"md","4c-implement-section","wds","wds/workflows/wds-5-agentic-development/steps-p/4c-implement-section.md","04a3182d7b2568e56fdb2cd08a5db3ed3b15ab12f20b2a5dd24b7623a224387f"
"md","4d-present-for-testing","wds","wds/workflows/wds-5-agentic-development/steps-p/4d-present-for-testing.md","22fc7118242d4b1879e3ed13a1cbe375bbe777673424200a3f985c43f0d599cf"
"md","4e-handle-issue","wds","wds/workflows/wds-5-agentic-development/steps-p/4e-handle-issue.md","7d656993cee28cbf5f896f2de86f66ecda4b46e1a8866aaa1c5dd125b1ec98a9"
"md","4f-handle-improvement","wds","wds/workflows/wds-5-agentic-development/steps-p/4f-handle-improvement.md","53454d28ce5cbd58f470e42a59fc0881d0481e7e8d1361cf7b736d2b5a2bd673"
"md","4g-section-approved","wds","wds/workflows/wds-5-agentic-development/steps-p/4g-section-approved.md","7fe8c69cbe3bde0c089a0c062d9c869fe6ac9c2648dcd231b9d38ea774e03272"
"md","5-finalization","wds","wds/workflows/wds-5-agentic-development/steps-p/5-finalization.md","95dbe8ea9488acfb9d5f40e2edc9ec12ec7e2f79a41c0c4b0b02f7075346922a"
"md","accessibility-audit.workflow","wds","wds/workflows/wds-4-ux-design/templates/instructions/accessibility-audit.workflow.md","fc8dd6ea6cc0e20d2be2ea6c83fda9b64069b03ba781f85354920a70d35b8080"
"md","accessibility.instructions","wds","wds/workflows/wds-4-ux-design/templates/instructions/accessibility.instructions.md","28832ae39076d4f211c1b237f61e09b9afded76292802494df9f557bfaaabf2a"
"md","agent-contracts","wds","wds/data/agent-contracts.md","c5dbe64e18ad8f287c8db8a87a90c4499f8c3321612d8c706f8976784463b7c8"
"md","agent-designer-collaboration","wds","wds/workflows/wds-4-ux-design/data/modular-architecture/00-foundation/agent-designer-collaboration.md","3f777ebb2adf1b3f517d574580f5ae76ddb150a5afb46f593f808dbdf7183f79"
"md","agentic-development","wds","wds/data/agent-guides/freya/agentic-development.md","5f91e27fe6d3922ed67fb261679932b9550aad50ff921addf6b53f435b6992d6"
"md","AGENTIC-DEVELOPMENT-GUIDE","wds","wds/workflows/wds-5-agentic-development/data/guides/AGENTIC-DEVELOPMENT-GUIDE.md","49575c2129490530d37f013698b35b606072776401e156d0f7f0f8a01563471f"
"md","audit-report.template","wds","wds/workflows/wds-4-ux-design/templates/audit-report.template.md","e0487702443a66f2bc74888b220d2d36ea5e07424caac8c6cc525792d7ff1c29"
"md","benefits","wds","wds/workflows/wds-4-ux-design/data/modular-architecture/03-quick-refs/benefits.md","9f5dc0015a7b7d5644220ef4ee69a18febbcaf05b46fb7968ca666722a436531"
"md","booking-example","wds","wds/workflows/wds-4-ux-design/data/scenario-init/examples/booking-example.md","0483bc21b9aed418212f8ae0682c87af75945ad481bd09a8471e9a76198a41a6"
"md","brutalist","wds","wds/workflows/wds-6-asset-generation/data/styles/design-styles/brutalist.md","650133fd78e87a8c92a03b9845c23cbcbb0095d0915cb2db512861539cdf4f8c"
"md","business-goals-template","wds","wds/workflows/wds-2-trigger-mapping/data/business-goals-template.md","6e5bd3cf84695447a636dd8393ec7f766485c5cb0497055d3158ae2e2c47d4df"
"md","button","wds","wds/workflows/wds-4-ux-design/data/object-types/templates/button.md","4e9015f48fede5e649732094e0d697b9fe9d8dd11398db3a706639a100193140"
"md","client-profile.template","wds","wds/workflows/wds-1-project-brief/templates/client-profile.template.md","b84a67da4ecc31971927be66a6ca8909ff7f0de78f0c6a2f0c02c0e6efd37ae5"
"md","comic-book","wds","wds/workflows/wds-6-asset-generation/data/styles/content-styles/comic-book.md","cdf715be6461f74973cc115e600944c52baa264ba1a1073f5ec38765b08d5476"
"md","complexity-detection","wds","wds/workflows/wds-4-ux-design/data/modular-architecture/01-core-concepts/complexity-detection.md","a5b455efcfff5c484cdeaa329d8d773064bfe071d56a1c98aeeea1357bb0b158"
"md","COMPLEXITY-ROUTER","wds","wds/workflows/wds-4-ux-design/data/object-types/COMPLEXITY-ROUTER.md","6b25d91c72ddac7362ba882d1bb36b99b5292d45c5746cb8339d4dfa136bdb77"
"md","complexity-router-workflow","wds","wds/workflows/wds-4-ux-design/data/modular-architecture/02-workflows/complexity-router-workflow.md","21c6713f961e9202c4368423898151414aa33290b8a37c7be29ab5a441fc4165"
"md","component-boundaries","wds","wds/data/design-system/component-boundaries.md","f73be3978de2c0a8bb5d6bcd7c17c0a23d5b9fb986d6721fe3d34ce8d7ca5bfc"
"md","COMPONENT-FILE-STRUCTURE","wds","wds/workflows/wds-4-ux-design/data/modular-architecture/COMPONENT-FILE-STRUCTURE.md","106c4286dfacb58b403a304c199d583dc7e558c8899e380ab40cf69bf5bcc9c9"
"md","component-library-config.template","wds","wds/workflows/wds-0-project-setup/resources/wds-7-design-system/templates/component-library-config.template.md","ee8dff9871364c85b2096a0fb2dc27a73fa068e460667230be5eededac7498af"
"md","component-library-config.template","wds","wds/workflows/wds-7-design-system/templates/component-library-config.template.md","ee8dff9871364c85b2096a0fb2dc27a73fa068e460667230be5eededac7498af"
"md","component.template","wds","wds/workflows/wds-0-project-setup/resources/wds-7-design-system/templates/component.template.md","a3e18a2b6ac9eb2a7214d1c1ac60fb314728f1daaf92410cebdb9646e9522781"
"md","component.template","wds","wds/workflows/wds-7-design-system/templates/component.template.md","a3e18a2b6ac9eb2a7214d1c1ac60fb314728f1daaf92410cebdb9646e9522781"
"md","content-creation","wds","wds/data/agent-guides/freya/content-creation.md","1d1a0f1b264109b0168e54571de8ec858a5e325dc5551793876f72e5832674b4"
"md","content-creation-workshop-guide","wds","wds/workflows/wds-6-asset-generation/data/content-creation-workshop-guide.md","7e2bb752ae77a156b9b803e5b3ccacd20029f91716f356edd8856f6b942baa83"
"md","content-language.template","wds","wds/workflows/wds-0-project-setup/resources/wds-1-project-brief/templates/content-language.template.md","23d0a01ade9e9ca4602b7052c8ffcc607f3644adfa226685d12f667162055b81"
"md","content-language.template","wds","wds/workflows/wds-1-project-brief/templates/content-language.template.md","23d0a01ade9e9ca4602b7052c8ffcc607f3644adfa226685d12f667162055b81"
"md","content-output.template","wds","wds/workflows/wds-6-asset-generation/templates/content-output.template.md","cca09ac0f23b690c4c7d4bbb7a4ad755cd0c6f1fabfa9cd492ec80696cb57c04"
"md","CONTENT-PLACEMENT-GUIDE","wds","wds/workflows/wds-4-ux-design/data/modular-architecture/CONTENT-PLACEMENT-GUIDE.md","337f29f2c2c970941099d7e45bf2aad5ea4810ef1017ec3169eb3af9f9aed271"
"md","content-placement-rules","wds","wds/workflows/wds-4-ux-design/data/modular-architecture/01-core-concepts/content-placement-rules.md","0f141df8e13393e8d7264159a314023d5e144187bb3c2c21e09266095ec00f21"
"md","content-structure-principles","wds","wds/data/agent-guides/saga/content-structure-principles.md","c9fc8d80e3eba90cf162f45d30135559671e0827f421e0b4a6f4b5b3971a4c82"
"md","context-templates","wds","wds/workflows/wds-8-product-evolution/data/context-templates.md","875567e7a9056a5475fe4835d7e85825b2bba4b6b44b1a6341e165eb6f23e6c6"
"md","contract.template","wds","wds/workflows/wds-0-project-setup/resources/wds-1-project-brief/templates/contract.template.md","1acd23108c2cac293b4e924fdb21853176dea528fc68d171f3e0f561cd52776e"
"md","contract.template","wds","wds/workflows/wds-1-project-brief/templates/contract.template.md","1acd23108c2cac293b4e924fdb21853176dea528fc68d171f3e0f561cd52776e"
"md","conversational-followups","wds","wds/data/agent-guides/saga/conversational-followups.md","cad61bfcf570bfd3e4bc060f5ba0978079ff68ae431818ce28cb07ef8c8f7eb3"
"md","corporate","wds","wds/workflows/wds-6-asset-generation/data/styles/design-styles/corporate.md","fba548addcc0bf1d14707898058053d1c378e0f7192ef491c371f7f840a762b7"
"md","CREATION-GUIDE","wds","wds/workflows/wds-5-agentic-development/data/guides/CREATION-GUIDE.md","867fb4e3d60e2cb75c30db813696fc879b8e14a00180a1a5d6486b506949ad3d"
"md","CROSS-PAGE-CONSISTENCY","wds","wds/workflows/wds-4-ux-design/data/modular-architecture/CROSS-PAGE-CONSISTENCY.md","f34325f8d5c2637ef11a90a96a08a7d3b94b79dcf088e0ade79791b3d6d433c6"
"md","data-api.instructions","wds","wds/workflows/wds-4-ux-design/templates/instructions/data-api.instructions.md","20e198e50f103b67fb4604d30adffbd7c77b0ccd198177e28548c03249765fb8"
"md","decision-tree","wds","wds/workflows/wds-4-ux-design/data/modular-architecture/03-quick-refs/decision-tree.md","d9f4eba66b6b1907ee213c6a00bed58290cb61e8013d87c2eac6c82807573a81"
"md","decisions","wds","wds/workflows/wds-0-project-setup/resources/wds-1-project-brief/templates/project-brief-dialog/decisions.md","49e6a3d36e71fdba9d0818baa11b57515c1e09940d680c1e80ffa18ef6bc540a"
"md","decisions","wds","wds/workflows/wds-1-project-brief/templates/project-brief-dialog/decisions.md","49e6a3d36e71fdba9d0818baa11b57515c1e09940d680c1e80ffa18ef6bc540a"
"md","delivery-templates","wds","wds/workflows/wds-4-ux-design/data/delivery-templates.md","08cb8aaa65804f2620097e8143749629824feb1c839a259513f364d3716f5895"
"md","delivery-templates","wds","wds/workflows/wds-8-product-evolution/data/delivery-templates.md","2e313f9ecdfc58f7e9872fbfb3b80fbb9b674b8da18babd001e1bcaa7e0dcc35"
"md","design-deliveries-guide","wds","wds/workflows/wds-4-ux-design/data/design-deliveries-guide.md","154b9f9c6c3b0818224e04ebdc9016877dcf45ec8097d18c88e89ca4e97af429"
"md","DESIGN-LOOP-GUIDE","wds","wds/workflows/wds-4-ux-design/data/guides/DESIGN-LOOP-GUIDE.md","66512a4dac0ae3757914e831054d81861e5cdadb9190df465db6f931100a0e5a"
"md","design-system","wds","wds/data/agent-guides/freya/design-system.md","a45e6ec7a6a84ccf18897ed5bfb7e33db11a76c1f06c53494c0c2d9ef9aa8837"
"md","design-system","wds","wds/workflows/wds-0-project-setup/resources/agent-guides/freya/design-system.md","3f9047fc142dc8a7c5600bba34e5a756a8a9f58a87e4fe1cb203d0f4812c2939"
"md","design-system-guide","wds","wds/workflows/wds-7-design-system/data/design-system-guide.md","008c834d9f22cd2b8556025eaa216b62437dcb6e54125d68937e18db1fd3719f"
"md","design-templates","wds","wds/workflows/wds-8-product-evolution/data/design-templates.md","b7d6eae2122c64bf833574a304c54756415aa242fe270fcabf46c18713968d9f"
"md","design-tokens.template","wds","wds/workflows/wds-0-project-setup/resources/wds-7-design-system/templates/design-tokens.template.md","8eefe815b7e3e18772421c7bb7176688824d4fbeb12d9f01eba10eef241f619e"
"md","design-tokens.template","wds","wds/workflows/wds-7-design-system/templates/design-tokens.template.md","8eefe815b7e3e18772421c7bb7176688824d4fbeb12d9f01eba10eef241f619e"
"md","DEV-MODE-GUIDE","wds","wds/workflows/wds-5-agentic-development/templates/components/DEV-MODE-GUIDE.md","08c3aecc02a40b6b8ca77f08fcfbdeb1244525e12a2ac1f415d0c6ef9e5dc9d4"
"md","diagnostic-report-template","wds","wds/workflows/wds-4-ux-design/templates/diagnostic-report-template.md","aee1a20cb0c028852f8fd5472a350ac51f4e68fd8a1e501115cc034b68d4c944"
"md","discovery-conversation","wds","wds/data/agent-guides/saga/discovery-conversation.md","1cc2291137deae82c2e7d82cfadf6e3a855fa05331543c0bd7ae3a0b21d947a2"
"md","dream-up-approach","wds","wds/data/agent-guides/saga/dream-up-approach.md","5e895cff2bfd62976c0eefc840ce1b7635f0dfb9711e1c8195bc983d7e14487f"
"md","ecommerce-example","wds","wds/workflows/wds-4-ux-design/data/scenario-init/examples/ecommerce-example.md","9dad842cdb0f29c436f2ecfe1ab252057f933010dcc9e3e03f4d051c8e341d82"
"md","editorial","wds","wds/workflows/wds-6-asset-generation/data/styles/design-styles/editorial.md","74f09709204df38f462aa02e4eb69a5325c99d7b84db632f7b0aa40164f2cba9"
"md","EXECUTION-PRINCIPLES","wds","wds/workflows/wds-5-agentic-development/data/guides/EXECUTION-PRINCIPLES.md","32c10b8e33d927cae7e0deb6cc11eaa505f046af3f69b01e9e5a4ea1b4af1457"
"md","existing-product-guide","wds","wds/workflows/wds-8-product-evolution/data/existing-product-guide.md","896a69bc5b957f2ec807024d01a6281bae2b85c73cb49bc82d7c0ccbdddf581c"
"md","feature-impact.template","wds","wds/workflows/wds-0-project-setup/resources/wds-2-trigger-mapping/templates/feature-impact.template.md","7846611f85ca8ba5677a3845629ed535da8c50d41551c4f6061c153d9264f885"
"md","feature-impact.template","wds","wds/workflows/wds-2-trigger-mapping/templates/feature-impact.template.md","7846611f85ca8ba5677a3845629ed535da8c50d41551c4f6061c153d9264f885"
"md","FEEDBACK-PROTOCOL","wds","wds/workflows/wds-5-agentic-development/data/guides/FEEDBACK-PROTOCOL.md","5c35333c45b2b3baf7ad6fbb4bdc7acfc32825e2fb399041e0ff4334bf8cf6a3"
"md","figma-component-structure","wds","wds/data/design-system/figma-component-structure.md","35e6e2b70a0e5d058428cf1b4958df6443889cf6d729be4b1e37f6d9dfce979e"
"md","figma-designer-guide","wds","wds/workflows/wds-6-asset-generation/data/figma-designer-guide.md","e5ce0f5e55b50d1b166f98372b888671e0e3bb466954e4c30751a8e19f5a9758"
"md","figma-integration-guide","wds","wds/workflows/wds-6-asset-generation/data/figma-integration-guide.md","e1547e3c7c894b7547d8faad96f442b4d8c6f4335cd6a7a6410d92bc4862ce15"
"md","figma-integration-summary","wds","wds/workflows/wds-6-asset-generation/data/figma-integration-summary.md","08232b64b9e02126f06286f9ccfb98b5f8e3d091b008f3648faa4d5e20135517"
"md","figma-mcp-integration","wds","wds/workflows/wds-6-asset-generation/data/figma-mcp-integration.md","6088bee3babec768c6c531ead5bcc3264bbf17a96db466abf1929650965e8108"
"md","figma-plugin-setup","wds","wds/workflows/wds-6-asset-generation/data/figma-plugin-setup.md","cd9f8cc89c393e5a5ca052bf10e4d229072f8467da1f7fe3b1b8b0fd055e8212"
"md","figma-spec-preparation","wds","wds/workflows/wds-6-asset-generation/data/figma-spec-preparation.md","320aea9fb70daed94ba28b0259da0f0705b09ba327f66d21ef64eb5640baec5b"
"md","FILE-INDEX","wds","wds/workflows/wds-5-agentic-development/data/guides/FILE-INDEX.md","d586333325d3621598edd3423e7e7c354fdcc39e6eb5f4f1a77098e7a487c6af"
"md","flat-design","wds","wds/workflows/wds-6-asset-generation/data/styles/content-styles/flat-design.md","5bcd4d547fc1058ca02a59f42bb692a26c69dd444d1039952158142b1387f0e8"
"md","flow-a-sketch","wds","wds/workflows/wds-4-ux-design/data/page-creation-flows/flow-a-sketch.md","0f16e89c807969478cf00fc2e22cb5b5aaf6e16c9aab99c376d5b3c5c5d84805"
"md","flow-b-verbal","wds","wds/workflows/wds-4-ux-design/data/page-creation-flows/flow-b-verbal.md","c89c8b7b08d74ef78ea76f79c56d90f4116e22c1cc6337ea6c78663deafa4a52"
"md","flow-c-ascii","wds","wds/workflows/wds-4-ux-design/data/page-creation-flows/flow-c-ascii.md","a2a0e544d0fdf655b710baf55bdd82abb222248d3726ee620b277c18b6f7fdca"
"md","flow-d-reference","wds","wds/workflows/wds-4-ux-design/data/page-creation-flows/flow-d-reference.md","5cefdfcd88c0cc2d7106a4590c6a06286145a2431ea5a547132752d4025b5792"
"md","flow-e-html","wds","wds/workflows/wds-4-ux-design/data/page-creation-flows/flow-e-html.md","6d33447ad6e6731d0ad7b8a9ecbf1329e4594db39b6b0c64c4254fc02a3578c3"
"md","form-validation.instructions","wds","wds/workflows/wds-4-ux-design/templates/instructions/form-validation.instructions.md","fd1becae2c7f894a90e3f68bf0279123a829f05c2d965308ca71cc6af65c5971"
"md","freya-how-i-help","wds","wds/data/presentations/freya-how-i-help.md","d99869ea2907660e6baa6966b05c62dfabb8b78dee63f1463da0f2553b36453e"
"md","freya-intro","wds","wds/data/presentations/freya-intro.md","8363f6329ec630fc4c1cfc34eaa5ea4a9b3a5a0b49a605faa7153e0694d95efa"
"md","freya-presentation","wds","wds/data/presentations/freya-presentation.md","d7baa05c3a0dd851c8e073db2a18f6e4d117bc9ed80e33005ef67a21d5487916"
"md","freya-workflows-guide","wds","wds/data/presentations/freya-workflows-guide.md","07eb2319c32d5deceb8642e12e3e7f13dadb25d4c2aca5daa10168d6ebf700e9"
"md","freya.activation","wds","wds/skills/freya.activation.md","1f44d1170e213378345c8ec015c422e08f4d55caddc5de049c9a4ccdc5636f70"
"md","git","wds","wds/skills/shared/git.md","905e12055bbee50c26f9f2e6d3f539dfe6c2f2f0baa4f0f462b43de9e56bd35a"
"md","handoff","wds","wds/skills/handoff.md","7ab3d784d5e8f78703c8c40d2e4111893a424c4c3e813da7fb759ab2b00940f3"
"md","handoff-dialog-scripts","wds","wds/workflows/wds-4-ux-design/data/handoff-dialog-scripts.md","e0ebbd47e8d5873e218797764a2828aea50f07464702005101a6e39a42f3a4f6"
"md","heading-text","wds","wds/workflows/wds-4-ux-design/data/object-types/templates/heading-text.md","788f834bfbb1f811c73ef4ce1739f80a1a6da445a28ce84b0e63bd7f8458ddc7"
"md","HTML-VS-VISUAL-STYLES","wds","wds/workflows/wds-4-ux-design/data/guides/HTML-VS-VISUAL-STYLES.md","3816ff81a52096727bf1c13cd328b59f042f27936ebcf0a6eaf912ecf48cf045"
"md","hyper-realistic","wds","wds/workflows/wds-6-asset-generation/data/styles/content-styles/hyper-realistic.md","59cb712d7e0cf991680ebda9faadcf987eee23774c5bf2243589d474e8435ed4"
"md","illustration","wds","wds/workflows/wds-6-asset-generation/data/styles/content-styles/illustration.md","98aca4effcb8f54ba40837fc80f42c1f24a9fda4227501d08a341008349fbb58"
"md","image","wds","wds/workflows/wds-4-ux-design/data/object-types/templates/image.md","ea70963752e92e724302911d12b2de85e8a0683790f4fa81942ab576e1fd5e5f"
"md","INLINE-TESTING-GUIDE","wds","wds/workflows/wds-5-agentic-development/data/guides/INLINE-TESTING-GUIDE.md","4f5c174206ce81d2a5baba7d91dd64f076295aaa90d338e129b3a1da7da24fba"
"md","inspiration-analysis","wds","wds/data/agent-guides/saga/inspiration-analysis.md","ea03ca51a97a5f8e943ba47a8e5167a3b13a8a97553814fd1433885cfd29c9d3"
"md","inspiration-analysis.template","wds","wds/workflows/wds-0-project-setup/resources/wds-1-project-brief/templates/inspiration-analysis.template.md","f62be974c09cdabdd59d507a20e69c91986aca522af2644002c0bbbd1838fcae"
"md","inspiration-analysis.template","wds","wds/workflows/wds-1-project-brief/templates/inspiration-analysis.template.md","f62be974c09cdabdd59d507a20e69c91986aca522af2644002c0bbbd1838fcae"
"md","isometric","wds","wds/workflows/wds-6-asset-generation/data/styles/content-styles/isometric.md","ad35a9f3ceab461e3b76eca8fc64d43f9962151fc213f442368cca46501a0012"
"md","issue-templates","wds","wds/workflows/wds-5-agentic-development/data/issue-templates.md","4cbae51dddf190e1a8b64c6760a434e8cf6f0963b15001c8c64b49a23ab2ae2b"
"md","kaizen-iteration-guide","wds","wds/workflows/wds-8-product-evolution/data/kaizen-iteration-guide.md","0cf8a8299fabb3316e243a8ee88e62f30df6b4543cf6f563d8e0acdb65e76b7d"
"md","kaizen-principles","wds","wds/workflows/wds-8-product-evolution/data/kaizen-principles.md","d9a546ababc0f4f54e4e2b47a55ba4e0a1eaba8df757a3c1f4f548a2212c077b"
"md","key-insights-structure","wds","wds/workflows/wds-2-trigger-mapping/data/key-insights-structure.md","232f3e5a7b52b24a87b6e862981a3685712cd308ff951a25df99049ad125aa19"
"md","lightweight-page-template","wds","wds/workflows/wds-4-ux-design/data/page-creation-flows/lightweight-page-template.md","45ea31989a452a1ab34bba94d2cb42413a2442396383708fe820e67dcc4bbefb"
"md","line-art","wds","wds/workflows/wds-6-asset-generation/data/styles/content-styles/line-art.md","25cca2557218d42079d8ebb563899858efbd816404621c9b78795c357b638f4b"
"md","link","wds","wds/workflows/wds-4-ux-design/data/object-types/templates/link.md","480a6ab3b9fa34f0946047ac70a57721fedf4644384d7537d88f71e502dca819"
"md","mcp-server-integration","wds","wds/workflows/wds-6-asset-generation/data/mcp-server-integration.md","6c6cf90d098ad7d0d24127abe6faf510e0115b5369f53b87bb8fcfb59fdadb65"
"md","mermaid-formatting-guide","wds","wds/workflows/wds-2-trigger-mapping/data/mermaid-formatting-guide.md","83cd57528594396ea4fddc1b628e31165e9772e2fa7f7585699c339758fa328e"
"md","meta-content-guide","wds","wds/data/agent-guides/freya/meta-content-guide.md","9332950955043a929aa46203a604336f0a31a9434d2586ba90c90644e913eadb"
"md","meta-content.instructions","wds","wds/workflows/wds-4-ux-design/templates/instructions/meta-content.instructions.md","0f10614e6f66130045881543ee5a770dd9c7c3121b4c21cb88d5c16316eea7d0"
"md","mimir-agents-overview","wds","wds/data/presentations/mimir-agents-overview.md","2fc34438b113e86710d52ce06363e9ab1e74b9267dc2125de439e9712d596a7e"
"md","mimir-tone-setting","wds","wds/data/presentations/mimir-tone-setting.md","d91a4b1254d25cd2fc8585cfcb8025a397e3fa1224373e7728ceb5f697367d55"
"md","minimal","wds","wds/workflows/wds-6-asset-generation/data/styles/design-styles/minimal.md","af0bb5711d221fe85faf0dfe59a1f15db2a1a05513996f85e1b58c49b24f79cf"
"md","monitoring-guide","wds","wds/workflows/wds-8-product-evolution/data/monitoring-guide.md","f83c4c2475e86d01b8a38cce63d8548ab5ffdc734b269da8373ee7190771af89"
"md","monitoring-templates","wds","wds/workflows/wds-8-product-evolution/data/monitoring-templates.md","a7270170ffbdc68c9c4b40704d01e47a37877287b81ec78716e58aa88ecd4444"
"md","naming-conventions","wds","wds/data/design-system/naming-conventions.md","dda71964bcc862788458be035e6cc1d74b47500030507dd7dee67eccd22744bf"
"md","NANO-BANANA-PROMPT-GUIDE","wds","wds/workflows/wds-4-ux-design/data/guides/NANO-BANANA-PROMPT-GUIDE.md","4ca9708677652996e2d20c567bb955d344411ad130e7c381e94166a21dc2a53f"
"md","object-router","wds","wds/workflows/wds-4-ux-design/data/object-types/object-router.md","60742ce6db8f924d01d66b5ffa6934894a560a69b11b3988c6158c4bde6a28dc"
"md","open-questions.instructions","wds","wds/workflows/wds-4-ux-design/templates/instructions/open-questions.instructions.md","41e7ab05bfd97df27bce395e25e30ea379600dd1b32d6df90b79ab190cf98925"
"md","organic","wds","wds/workflows/wds-6-asset-generation/data/styles/design-styles/organic.md","fb29ed154269ed4c25ac53333eb26e59608a1bb2fef7e8405ce493df769b0012"
"md","page-init-lightweight","wds","wds/workflows/wds-4-ux-design/data/page-creation-flows/page-init-lightweight.md","70c8143cb67ac4d5a78cdef667933dccf9ad866dd811da9f7e75483329ca94be"
"md","page-process-templates","wds","wds/workflows/wds-4-ux-design/data/page-creation-flows/page-process-templates.md","e935e2c2ec6baab831c7cfdaa99701baaaf6a993db7e18a93b4df6ca4bf3ff06"
"md","page-specification-workflow","wds","wds/workflows/wds-4-ux-design/data/modular-architecture/02-workflows/page-specification-workflow.md","635667691b6080f488625c755a897caa7e84be42494c31b9f9a38b9e6fb17a7f"
"md","page-specification.template","wds","wds/workflows/wds-0-project-setup/resources/wds-4-ux-design/templates/page-specification.template.md","7c485f66bc310397d6e22c42b3f1744f657cf0d58a8b06e1a434a79cdd573f5d"
"md","page-specification.template","wds","wds/workflows/wds-4-ux-design/templates/page-specification.template.md","7c485f66bc310397d6e22c42b3f1744f657cf0d58a8b06e1a434a79cdd573f5d"
"md","pencil-sketch","wds","wds/workflows/wds-6-asset-generation/data/styles/content-styles/pencil-sketch.md","744d2be58f337e4344e19a4952cd1488a00f488523c4a5332f7f174b2336bb79"
"md","persona-document.template","wds","wds/workflows/wds-0-project-setup/resources/wds-2-trigger-mapping/templates/persona-document.template.md","098224dcf4eeea73c850e95f912ca9455f2c852f79e544b2947c4485807b92c6"
"md","persona-document.template","wds","wds/workflows/wds-2-trigger-mapping/templates/persona-document.template.md","098224dcf4eeea73c850e95f912ca9455f2c852f79e544b2947c4485807b92c6"
"md","photorealistic","wds","wds/workflows/wds-6-asset-generation/data/styles/content-styles/photorealistic.md","80d47d8b91d5b713af1ca4be84f533c591eb35b1ee59573a2c21d47437877f4a"
"md","pitch.template","wds","wds/workflows/wds-0-project-setup/resources/wds-1-project-brief/templates/pitch.template.md","2944e209ec189f6a2aa7b69b8d497864cb161a2526aaa3a3a6baff58e8dd8aa4"
"md","pitch.template","wds","wds/workflows/wds-1-project-brief/templates/pitch.template.md","2944e209ec189f6a2aa7b69b8d497864cb161a2526aaa3a3a6baff58e8dd8aa4"
"md","placeholder-templates","wds","wds/workflows/wds-4-ux-design/data/page-creation-flows/placeholder-templates.md","34070e53b185ee3daab9f871860b6a654b34b5e8a3fd5e162da96c36eba43eb8"
"md","platform-requirements.template","wds","wds/workflows/wds-0-project-setup/resources/wds-1-project-brief/templates/platform-requirements.template.md","16cee156c72e7b945ebd6b2d4dda05c46dc0557b7108ed25b35e777902603153"
"md","platform-requirements.template","wds","wds/workflows/wds-1-project-brief/templates/platform-requirements.template.md","16cee156c72e7b945ebd6b2d4dda05c46dc0557b7108ed25b35e777902603153"
"md","playful","wds","wds/workflows/wds-6-asset-generation/data/styles/design-styles/playful.md","13b1a2714235474734660b27ca63bcbc679eb616b53f492534bfad7bc629cb40"
"md","positioning-explore","wds","wds/workflows/wds-1-project-brief/data/positioning-explore.md","e96c69b7a4ec67c91a8297cc9b18a2fa58b837e0ece493e78fa1c9218f040a55"
"md","positioning-open-conversation","wds","wds/workflows/wds-1-project-brief/data/positioning-open-conversation.md","461b38ded57ed47878f028297bb283309d36578aeba8d44fc06f9a6509983d08"
"md","positioning-reflect-confirm","wds","wds/workflows/wds-1-project-brief/data/positioning-reflect-confirm.md","d7ee0ebcef32ba904cfdf1cc7a97b5003ec6ce44d1ca121bd6673cd9d1d42df1"
"md","positioning-synthesize","wds","wds/workflows/wds-1-project-brief/data/positioning-synthesize.md","f1f4daf3a99649cc744c367171e3c13ae1ab5dd0a267fbf109e62d5ce264abcb"
"md","progress-tracker","wds","wds/workflows/wds-0-project-setup/resources/wds-1-project-brief/templates/project-brief-dialog/progress-tracker.md","d9bb6e8c079bb905e72fb77ffb2ad0f8c024a444266b9d080174f9afded06816"
"md","progress-tracker","wds","wds/workflows/wds-1-project-brief/templates/project-brief-dialog/progress-tracker.md","d9bb6e8c079bb905e72fb77ffb2ad0f8c024a444266b9d080174f9afded06816"
"md","project-brief.template","wds","wds/data/agent-guides/saga/resources/project-brief.template.md","9551ef08d1126f9c1c9c729898299f5ca28f46af125b5920ccfb2e133232bf9c"
"md","project-brief.template","wds","wds/workflows/wds-0-project-setup/resources/wds-1-project-brief/templates/project-brief.template.md","9551ef08d1126f9c1c9c729898299f5ca28f46af125b5920ccfb2e133232bf9c"
"md","project-brief.template","wds","wds/workflows/wds-1-project-brief/templates/project-brief.template.md","9551ef08d1126f9c1c9c729898299f5ca28f46af125b5920ccfb2e133232bf9c"
"md","PROTOTYPE-ANALYSIS","wds","wds/workflows/wds-5-agentic-development/data/guides/PROTOTYPE-ANALYSIS.md","f328d1dc206a34e6f0c82593ff844f7a0460ecf46a550c2b018f10d7e602481f"
"md","PROTOTYPE-INITIATION-DIALOG","wds","wds/workflows/wds-5-agentic-development/data/guides/PROTOTYPE-INITIATION-DIALOG.md","884afc687e0ed713c88b5baa4ba829eb7f6a3f692c0778e7a5cc03f50f1f5395"
"md","PROTOTYPE-ROADMAP-template","wds","wds/workflows/wds-5-agentic-development/templates/PROTOTYPE-ROADMAP-template.md","14cf256647195d56ef1158e2b7c42bdf5eed6f1f070f39a9b437dfb453f087a0"
"md","prototype-to-figma-workflow","wds","wds/workflows/wds-6-asset-generation/data/prototype-to-figma-workflow.md","9cbaba00133b33d22972f2a2552faa0427d3ae0ca80ff79e871edc2fc34c7630"
"md","quality-checklist","wds","wds/workflows/wds-2-trigger-mapping/data/quality-checklist.md","ee33eb6b994764e2e469ec4a30f92c67ec0184c6e502c57480513dd350084d48"
"md","quality-checklist","wds","wds/workflows/wds-3-scenarios/data/quality-checklist.md","3d44a3b2dd7b99f7876554a05ac89cfb5273d3a073dd54319c64ca7454c5c96c"
"md","quality-guide","wds","wds/workflows/wds-4-ux-design/data/quality-guide.md","61134e869f8913332408b7e525d5b16ee9e0424ada98fc417d05b5689ba0e268"
"md","README","wds","wds/scripts/README.md","5179588b30ecb357e35ee3f889351cf7461ac096eaa43db6ea91803abcdfceec"
"md","responsive.instructions","wds","wds/workflows/wds-4-ux-design/templates/instructions/responsive.instructions.md","eb1a975e9595341d5f66736d830c5c21becd41e11f613cdbdccabd1444f367c4"
"md","ROUTER-FLOW-DIAGRAM","wds","wds/workflows/wds-4-ux-design/data/object-types/ROUTER-FLOW-DIAGRAM.md","80572e614c01bc8d986ad3bba5272415cef6b14b05401624dab0a5a9fd5be4c9"
"md","saas-example","wds","wds/workflows/wds-4-ux-design/data/scenario-init/examples/saas-example.md","07d827fc85a6c86aa1352a7858b6d690d531d7a1296880f3f04009b89c67a279"
"md","saga-how-i-help","wds","wds/data/presentations/saga-how-i-help.md","c683061b95d1345a986a546ac5c967370cd4da4212df40d106efe3d1c6f489ca"
"md","saga-intro","wds","wds/data/presentations/saga-intro.md","d99f19f760fd9e8cfc478f88e189bc2209b5d7dca4cd8a5e480d5505e99cc4c4"
"md","saga-presentation","wds","wds/data/presentations/saga-presentation.md","8cedf2cc1edd9d0b571deda8e68d6b300768969431449d32c6291ba0ad945024"
"md","saga-workflows-guide","wds","wds/data/presentations/saga-workflows-guide.md","37952e3a5d29fe86c2574bcf3ed54faf2d28d34628787307b9dfcf26c05621d2"
"md","saga.activation","wds","wds/skills/saga.activation.md","6838b9b32c8fa6aaa1cea265102fb806e3b45a1f25d6753218effa83e5966f48"
"md","scenario-init-dialog","wds","wds/workflows/wds-4-ux-design/data/scenario-init/scenario-init-dialog.md","05ac257ebfde9234fd39b9f3bc59bb368815129f82993f14fa77e19642e893ee"
"md","scenario-init-guide","wds","wds/workflows/wds-4-ux-design/data/scenario-init/scenario-init-guide.md","5f725abf3fbeab6e1270ecb2d94f9d8b880b33d896937210d7b6040c688067e9"
"md","scenario-init-process","wds","wds/workflows/wds-4-ux-design/data/scenario-init/scenario-init-process.md","355c38688d97832ad2519e31cd93c6bff29476887ca8b3176d1e32aa1ca20688"
"md","scenario-outline-template","wds","wds/workflows/wds-3-scenarios/data/scenario-outline-template.md","4450a716646a625898b149c3b9828ae51b3e81c8ad80258b99bb251648e36313"
"md","scenario-overview.template","wds","wds/workflows/wds-0-project-setup/resources/wds-4-ux-design/templates/scenario-overview.template.md","83c2f962c6d48eaa8989287d269a80a468c063a390c43cbfa4fda822be7a5f57"
"md","scenario-overview.template","wds","wds/workflows/wds-4-ux-design/templates/scenario-overview.template.md","83c2f962c6d48eaa8989287d269a80a468c063a390c43cbfa4fda822be7a5f57"
"md","seo-content.instructions","wds","wds/workflows/wds-4-ux-design/templates/instructions/seo-content.instructions.md","55c70a2aaf2739e985f19af97a2d236286090f507b71e55833db3fa311998cba"
"md","seo-strategy-guide","wds","wds/data/agent-guides/saga/seo-strategy-guide.md","8bcf7b97bac49db41adb582e76821b1e19d0f44a76571bfb959cc6322d6c4e64"
"md","SEO-VALIDATION-GUIDE","wds","wds/workflows/wds-5-agentic-development/data/guides/SEO-VALIDATION-GUIDE.md","5c59e6c14ab4982c8f9ead353c225112862516a371c7725a5eb96e2884e5c155"
"md","service-agreement.template","wds","wds/workflows/wds-0-project-setup/resources/wds-1-project-brief/templates/service-agreement.template.md","d352e27bf2bc2311020572d5ea04cba737b50b33bfdc80cc28dd12ebe3d8903c"
"md","service-agreement.template","wds","wds/workflows/wds-1-project-brief/templates/service-agreement.template.md","d352e27bf2bc2311020572d5ea04cba737b50b33bfdc80cc28dd12ebe3d8903c"
"md","SESSION-PROTOCOL","wds","wds/workflows/wds-5-agentic-development/data/guides/SESSION-PROTOCOL.md","28b9736823acfef4d83abc564bf82b880d271a629e9aa9a1799e68a946d39fbc"
"md","shared-activation","wds","wds/data/shared-activation.md","78ffa07c9465d800f4a326dd0fe75da6198e7940d238902649af96d143a2d310"
"md","signoff.template","wds","wds/workflows/wds-0-project-setup/resources/wds-1-project-brief/templates/signoff.template.md","48d368263788a6b8f2d809b8c321bdd0ba3d72af0d0124ca5d9876fcfe0e99ed"
"md","signoff.template","wds","wds/workflows/wds-1-project-brief/templates/signoff.template.md","48d368263788a6b8f2d809b8c321bdd0ba3d72af0d0124ca5d9876fcfe0e99ed"
"md","simplified-brief.template","wds","wds/workflows/wds-0-project-setup/resources/wds-1-project-brief/templates/simplified-brief.template.md","5ee5784db28943bf0ca5536f04e7e72e35c7d1ce395d5c7375b6d7080c37a38f"
"md","simplified-brief.template","wds","wds/workflows/wds-1-project-brief/templates/simplified-brief.template.md","5ee5784db28943bf0ca5536f04e7e72e35c7d1ce395d5c7375b6d7080c37a38f"
"md","SKETCH-TEXT-ANALYSIS-GUIDE","wds","wds/workflows/wds-4-ux-design/data/guides/SKETCH-TEXT-ANALYSIS-GUIDE.md","4710b9483e6b5e48de07d80362f805976ac99386a8d0b8510355194924657658"
"md","SKETCH-TEXT-QUICK-REFERENCE","wds","wds/workflows/wds-4-ux-design/data/guides/SKETCH-TEXT-QUICK-REFERENCE.md","999006df2b7cd8f8958138cd84878f0f20cb25bccf028438c7d91047f9bf5583"
"md","SKILL","wds","wds/agents/wds-agent-freya-ux/SKILL.md","4864d71b7288eb5add8ada621198c92168e67fe8bded460e03b013c7f5dcf01c"
"md","SKILL","wds","wds/agents/wds-agent-mimir-builder/SKILL.md","b9f95ee8bb69c715c6a59bd5eebf33595fb82c0227087557519da152fb9d6039"
"md","SKILL","wds","wds/agents/wds-agent-saga-analyst/SKILL.md","530dc15444e2230109d11cad917276ab5b4b5d8d5a7f85d810a43dea6847df1e"
"md","SKILL","wds","wds/tools/memory/SKILL.md","f7894608262f42d88c7cd26201326fa2e84056233d848404bd70db389e39bc96"
"md","SKILL","wds","wds/tools/sync/SKILL.md","fc487ecb8ae401b13d19ac82e383730913729b2f653b8b7ac189239535eed641"
"md","SKILL","wds","wds/workflows/wds-0-alignment-signoff/SKILL.md","27c621e85d06ceb03271aedc190979c6f0c498430226f6d45fb2837caa103d2c"
"md","SKILL","wds","wds/workflows/wds-0-project-setup/SKILL.md","2d9e6a2009f0b50387276ef74343d32bb3d3d375413a4becacb57c586a2da51a"
"md","SKILL","wds","wds/workflows/wds-1-project-brief/SKILL.md","c8b55938fd0461c8b5add0c2fb8eb0cc660a1bc19924955f7aae5721d6694acc"
"md","SKILL","wds","wds/workflows/wds-2-trigger-mapping/SKILL.md","6f42365384514fa3e171fc3bac11dbab4dacc644b9d7ec1a055ded55d61f1118"
"md","SKILL","wds","wds/workflows/wds-3-scenarios/SKILL.md","183b253067d40d2a732b63452cc8604369d3f27704a750fbdfd1697bdd722d07"
"md","SKILL","wds","wds/workflows/wds-4-ux-design/SKILL.md","df774b9a253b1661786419a66cb03d58b778ecf3c0628182292b64b3ec02b7c0"
"md","SKILL","wds","wds/workflows/wds-5-agentic-development/SKILL.md","912705a4befd01b48a113bb7f5df92ed60b28b78c12e5069fe5970b40bc05f8b"
"md","SKILL","wds","wds/workflows/wds-6-asset-generation/SKILL.md","323c475cef2441cc2ec09a49a8afc0401a3e2a0ed742fb4781f5c236143cd839"
"md","SKILL","wds","wds/workflows/wds-7-design-system/SKILL.md","8acd610b34c6ccc1cb55ddd9dea2042ea5eb1e52e6874979ca5eb29c891fb092"
"md","SKILL","wds","wds/workflows/wds-8-product-evolution/SKILL.md","295d5ab6f0977ccb9a9a94b43125aa681739b34e6dbdbcc957554f6917fd59ef"
"md","specification-audit-workflow","wds","wds/workflows/wds-4-ux-design/data/specification-audit-workflow.md","9ccb851d7679c27e4080e283987d5eeca056a31955c94c5a923a97e55f312111"
"md","specification-quality","wds","wds/data/agent-guides/freya/specification-quality.md","df4b6d01eee761eae44229c82122117680c39cbf16dc390ec6ac823c186fb9ef"
"md","specification-quality","wds","wds/workflows/wds-0-project-setup/resources/agent-guides/freya/specification-quality.md","ca1dbe8ce4fd0d93382498b611b45bf39e331bd08baf0fcf45499dcdc6d531a1"
"md","start","wds","wds/skills/start.md","74569c58377f94eb13ae2b0b313ac3c58d223666318fe8713b06b5adf6712e80"
"md","state-management","wds","wds/data/design-system/state-management.md","b0647af582ac68b65064f8069ef1b3cfc04c657212acf6f5eac2cf1742b0429e"
"md","step-00-define-purpose","wds","wds/workflows/wds-6-asset-generation/steps-c/step-00-define-purpose.md","878662db42d1e0e60887d42d243818f9a70c4c80a0a1d963494cc47ddd2cb81a"
"md","step-00-nb-setup","wds","wds/workflows/wds-4-ux-design/steps-w/step-00-nb-setup.md","6acf9f14606e33df05825a8aaa3788d39efcc3b070d12bc53eb607579e1a323b"
"md","step-00-simplified-brief","wds","wds/workflows/wds-1-project-brief/steps-c/step-00-simplified-brief.md","59c9a1d4915146da9eb1015bd240540e64e6d4f0084af6f4c94c2de2428368db"
"md","step-00a-documentation-synthesis","wds","wds/workflows/wds-2-trigger-mapping/steps-c/step-00a-documentation-synthesis.md","0b3c757799b8b7f8a5a8aaad2e01af37ee9175b33ebf585dffd3281501bd30b4"
"md","step-00b-business-goals-extract","wds","wds/workflows/wds-2-trigger-mapping/steps-c/step-00b-business-goals-extract.md","d1f38fc337de4e315c90e034f63e8968eef9f58f3aa66f98962d49f63a5201fa"
"md","step-00c-target-groups-extract","wds","wds/workflows/wds-2-trigger-mapping/steps-c/step-00c-target-groups-extract.md","cd49f020f1ad46bd8303729c0da967efb461bd972f4923a57c3ccb4cae4190f5"
"md","step-00d-driving-forces-extract","wds","wds/workflows/wds-2-trigger-mapping/steps-c/step-00d-driving-forces-extract.md","cb2bc2c4a8bede93e4cdabcaddbbcb878feaab8d1cdc20523621f4c38f3f757f"
"md","step-00e-prioritization-extract","wds","wds/workflows/wds-2-trigger-mapping/steps-c/step-00e-prioritization-extract.md","542252af255cf268e720fbd5c51f4865724027e657ae531e15d046f56b358202"
"md","step-00f-gap-analysis","wds","wds/workflows/wds-2-trigger-mapping/steps-c/step-00f-gap-analysis.md","d2ba1de3a481d07040d4b1c9199ad0c6149dd8f8851ddf7a799b36c8315bd3f8"
"md","step-01-brief-completeness","wds","wds/workflows/wds-1-project-brief/steps-v/step-01-brief-completeness.md","beb834e4b1e399e6846c94c1409cb5254188cfc66322947e009a39f8b158a7cf"
"md","step-01-connection-check","wds","wds/workflows/wds-6-asset-generation/steps-f/step-01-connection-check.md","339662a07661540218be0a02455ef532cf33707252ab29732b8562aade544a6f"
"md","step-01-core-feature","wds","wds/workflows/wds-4-ux-design/steps-s/step-01-core-feature.md","12bbe15ec35c0fa435c0645712f358c2f6f8095316b0f2f5b1e086def2c1caf3"
"md","step-01-create-delivery","wds","wds/workflows/wds-8-product-evolution/steps-p/step-01-create-delivery.md","0fb5df051f75ab79a0aed46572ea6c46bb37a727a103c89e57f370b9151c1ec4"
"md","step-01-define-question","wds","wds/workflows/wds-5-agentic-development/steps-a/step-01-define-question.md","9e61ce03c72657adddf91322ba7c859a7a988e376f0e47a6e059555e29342794"
"md","step-01-design-update","wds","wds/workflows/wds-8-product-evolution/steps-d/step-01-design-update.md","451433fff17ca02511bba9cd3f3ff9304311f987f2f0e1748c75087eefb31157"
"md","step-01-detect-completion","wds","wds/workflows/wds-4-ux-design/steps-h/step-01-detect-completion.md","534b0af29956ef26a14c6000a3604b3ae99174b0e4180f427f94047550b25114"
"md","step-01-exploration","wds","wds/workflows/wds-4-ux-design/steps-c/step-01-exploration.md","1a9a29ea604b17282ad0542e28031ad7ec5dcee89a148cd530bf705cd2c83785"
"md","step-01-identify","wds","wds/workflows/wds-8-product-evolution/steps-a/step-01-identify.md","64b79a0024a15a3d8434d4732b64acde4cfd78fc8d259a2a161d53caf778d930"
"md","step-01-identify-target","wds","wds/workflows/wds-5-agentic-development/steps-r/step-01-identify-target.md","c9c53ed1ca33f522c9c3248e3bb69febb8f36e9b6b35f0fb4d3988133393e873"
"md","step-01-init","wds","wds/workflows/wds-1-project-brief/steps-c/step-01-init.md","319fc92116b41b6e0a83fb198e50258d064b69a0cb1b3c8bab8b4bb0faded1ab"
"md","step-01-load-context","wds","wds/workflows/wds-3-scenarios/steps-c/step-01-load-context.md","2604da6dfaecf43d749441ca3249e708ed6d4b34e43f22cb13be54cd17a391d9"
"md","step-01-load-context","wds","wds/workflows/wds-6-asset-generation/steps-i/step-01-load-context.md","a191752975a5e4086b3d3110ecd8f6020cc76d0375e56e7eedc94529577427a0"
"md","step-01-load-context","wds","wds/workflows/wds-6-asset-generation/steps-m/step-01-load-context.md","4e19f6202a271afddec97cd472d1d12da8570f8a20b5241545d00725c7f6eddd"
"md","step-01-load-context","wds","wds/workflows/wds-6-asset-generation/steps-p/step-01-load-context.md","85f83635ff0556d991e87947f936fab5420404d84b73c8f38c1c5e142048bbcb"
"md","step-01-load-context","wds","wds/workflows/wds-6-asset-generation/steps-u/step-01-load-context.md","87964242daf36ffc7332204b0f0912bbc9475eeb71ad5433da7ef39c8a5aa5ef"
"md","step-01-load-context","wds","wds/workflows/wds-6-asset-generation/steps-v/step-01-load-context.md","532d5bed2da3b0215a69e4e5ad4f92bdf8150cc82810e11d4e4f6045971ad248"
"md","step-01-load-context","wds","wds/workflows/wds-6-asset-generation/steps-w/step-01-load-context.md","73421e3a92a0cfb3c390c8e9b15e0a3986248d1ba0cc64b8b4005230bbcdce96"
"md","step-01-load-trigger-map-context","wds","wds/workflows/wds-6-asset-generation/steps-c/step-01-load-trigger-map-context.md","ebbaaa626df870c00fdf2a9a0e91711660520bca460528ed310df1786436dced"
"md","step-01-overview","wds","wds/workflows/wds-2-trigger-mapping/steps-c/step-01-overview.md","b08425ae9ad2d444d26f9a46bc327c6a4ab43c7e23c81f96a613f698c43e9a31"
"md","step-01-page-basics","wds","wds/workflows/wds-4-ux-design/steps-p/step-01-page-basics.md","cd429500c6f0b868571940555cfd3854b7e4f43c8daabbe42fac4e1dd55cd657"
"md","step-01-page-metadata","wds","wds/workflows/wds-4-ux-design/steps-v/step-01-page-metadata.md","bc3cdef33e7d0b3d604ae467e900483e33b7f52ac1064ab4016222037418b66c"
"md","step-01-prepare","wds","wds/workflows/wds-5-agentic-development/steps-t/step-01-prepare.md","af73f0c4819a64548e496beb14d9c9c8c57200754e4697fa7b6d83b4d613585c"
"md","step-01-reproduce","wds","wds/workflows/wds-5-agentic-development/steps-f/step-01-reproduce.md","ca8245f3dc13e03d0c2dca6b0b35a5ec17a50aea7c90203df091cd245e5d0827"
"md","step-01-review-current","wds","wds/workflows/wds-4-ux-design/steps-m/step-01-review-current.md","7ab220cb8655fbd663dff54a7ed1eceda396101f8e8f255b790ede517363cc55"
"md","step-01-scan-existing","wds","wds/workflows/wds-7-design-system/steps-c/step-01-scan-existing.md","857bbf2fe9b472f8b7cee80ccd170e808dbb77a4d65641e55047e52cccddd6be"
"md","step-01-scenario-coverage","wds","wds/workflows/wds-3-scenarios/steps-v/step-01-scenario-coverage.md","a2b9e923f99bad774f04d8e515f97adf2bb194ff2668ba9454ca8b7361fd6453"
"md","step-01-scope-and-plan","wds","wds/workflows/wds-5-agentic-development/steps-d/step-01-scope-and-plan.md","b6b7de1ae908bde72ad54f6ddcbccdcac335b4c93d693cd2d45ce4d825966c97"
"md","step-01-scope-change","wds","wds/workflows/wds-5-agentic-development/steps-e/step-01-scope-change.md","649d1110f156ead2406560003793dd7c99d9c7e8bd71425067c11b6926e3c0de"
"md","step-01-sketch-analysis","wds","wds/workflows/wds-4-ux-design/steps-k/step-01-sketch-analysis.md","10dc1fbe8c899c66ef01c56c5d1b23f0fe1a3cde4ef5d2b43dfa5393eab1ee2d"
"md","step-01-target-group-coverage","wds","wds/workflows/wds-2-trigger-mapping/steps-v/step-01-target-group-coverage.md","1493599455e40c896fbe31258c33e6b5e3fa32a1667af2cbc74da31e50c77dfb"
"md","step-01-validate","wds","wds/workflows/wds-8-product-evolution/steps-t/step-01-validate.md","f3dbbe149d20cf1fa667435bd391c4687fca2733b7c1ac54d6d3de08e19ff429"
"md","step-01-visual-approach","wds","wds/workflows/wds-4-ux-design/steps-w/step-01-visual-approach.md","23416cad271ca571d03fc8cf7a03eb9cba3eed6c2680d6eacc2193c8f80eaaca"
"md","step-01-welcome","wds","wds/workflows/wds-0-project-setup/steps/step-01-welcome.md","38b7dd0a7893c5ce9a9ba1646c289b685e0186e06b7011f2b633c9ba750e608b"
"md","step-01a-client-profile","wds","wds/workflows/wds-1-project-brief/steps-c/step-01a-client-profile.md","5fadb5b0d064f0fbb88bd48eda53a4b9adfbcff381df8d6cd072895fdb758b87"
"md","step-01a-understand-situation","wds","wds/workflows/wds-0-alignment-signoff/steps-c/step-01a-understand-situation.md","7b73a05e28dfa694183afea8ae43b151866ce7dfbe440a4ffd87e15c327d5534"
"md","step-01b-determine-if-needed","wds","wds/workflows/wds-0-alignment-signoff/steps-c/step-01b-determine-if-needed.md","b8a405b6d8c46fa4643cd88906fdecc4050f0e079a8242c8676a566e63ebcb81"
"md","step-01c-offer-extract","wds","wds/workflows/wds-0-alignment-signoff/steps-c/step-01c-offer-extract.md","0b8a5d7a4cb386b9270777d7a74f2bb10ac078bcc1fc71bbb1eb90bd475e0b78"
"md","step-01d-extract-info","wds","wds/workflows/wds-0-alignment-signoff/steps-c/step-01d-extract-info.md","3c907775aaa91c125f3a7207e93c9994a868c1cb8a2f7de784b1ccb997ae18cb"
"md","step-01e-detect-starting-point","wds","wds/workflows/wds-0-alignment-signoff/steps-c/step-01e-detect-starting-point.md","8f0410de878bf19f8d85a3a5a35930a0b9f06d5e33f04674ce4e00c242d00b8e"
"md","step-02-analyze-impact","wds","wds/workflows/wds-5-agentic-development/steps-e/step-02-analyze-impact.md","36825d9353f37b201af3d8f06fdc8e32e400f705cb90483eb9e58b01fbfbbf36"
"md","step-02-analyze-scope","wds","wds/workflows/wds-3-scenarios/steps-c/step-02-analyze-scope.md","f50860f8541366f075911188e064a65bc2ae43a37040f36902a18e6b20b82cf2"
"md","step-02-awareness-strategy","wds","wds/workflows/wds-6-asset-generation/steps-c/step-02-awareness-strategy.md","173c57fd273f52d7954ec1c2f170d62bd5393931313fa0de6f6fda730ea8f970"
"md","step-02-business-goals","wds","wds/workflows/wds-2-trigger-mapping/steps-c/step-02-business-goals.md","4d7d0473430e14f0995fbf2815ca1ffc992b35e6e2c41e99ad7a3fbdb200b27c"
"md","step-02-compare-attributes","wds","wds/workflows/wds-7-design-system/steps-c/step-02-compare-attributes.md","12ffc4a3063bc57cdf8cb9d18c949a1a170dd3a3b58812436df2ae78fd4836f3"
"md","step-02-create-delivery","wds","wds/workflows/wds-4-ux-design/steps-h/step-02-create-delivery.md","14a65989aaee497197b5126c7b9d57c5e45efc753f4bc13dc4ee0ad2d7328a36"
"md","step-02-define-component","wds","wds/workflows/wds-4-ux-design/steps-m/step-02-define-component.md","67884600a371ea5cc10dfc6b038bbeacb5b72852d35d414cca4a89384a7b0d59"
"md","step-02-entry-point","wds","wds/workflows/wds-4-ux-design/steps-s/step-02-entry-point.md","5040c5a9c2ecb20c82b9d348a21e47c0bafb8cd8c7e81391685adf4d3deb0b82"
"md","step-02-execute","wds","wds/workflows/wds-5-agentic-development/steps-t/step-02-execute.md","f2d486a1cc7f4a8a269e2ade1e1e98d76839c81847b86b0e427ebbea5b180f75"
"md","step-02-explore-and-capture","wds","wds/workflows/wds-5-agentic-development/steps-r/step-02-explore-and-capture.md","53a15b30d3faca69ff098449fca744c448b7ef4fedc7362deef6feb9850333cd"
"md","step-02-gather-context","wds","wds/workflows/wds-8-product-evolution/steps-a/step-02-gather-context.md","505763e15aeb8fd2d57753bc33ae367ddb108b378aee70fbb1995900ada16d1d"
"md","step-02-generate-visual","wds","wds/workflows/wds-4-ux-design/steps-w/step-02-generate-visual.md","f0181fc7c2155568ef810ca51d258d8ca4f1118cff2a6fb038f039bb706d3d1f"
"md","step-02-hand-off","wds","wds/workflows/wds-8-product-evolution/steps-p/step-02-hand-off.md","8775f330ba6739f015a66bef50e3f58a8549b86034c2753fb85052bf38ddb134"
"md","step-02-identify-export-type","wds","wds/workflows/wds-6-asset-generation/steps-f/step-02-identify-export-type.md","fc787bb881bb9079994cff02853a3709c93aa0e9782a61d9ecc23305586334d3"
"md","step-02-inventory","wds","wds/workflows/wds-6-asset-generation/steps-i/step-02-inventory.md","91d27fee0c3d6f08e944c71f4ecacf68ca7e49ff8c6b2a85519b6e91a82f15d7"
"md","step-02-inventory","wds","wds/workflows/wds-6-asset-generation/steps-m/step-02-inventory.md","3c03882ce4f372ce28fa0b3a0980dd2532ba059ed99b4b6ad139fc4910245e4a"
"md","step-02-inventory","wds","wds/workflows/wds-6-asset-generation/steps-p/step-02-inventory.md","3ba4d8f9a127a2ef51524d8746b6a04cd6f33efc22007d7bbe10e811485b3f80"
"md","step-02-inventory","wds","wds/workflows/wds-6-asset-generation/steps-u/step-02-inventory.md","2d4d079e7087c054bad65e10863e1fbae4198c4e4190b18a6371d39867a48d25"
"md","step-02-inventory","wds","wds/workflows/wds-6-asset-generation/steps-v/step-02-inventory.md","6270770a5228db2933872a256a0dc50ab1fbe4a4fc49d75aa2a7a322bdf37bda"
"md","step-02-inventory","wds","wds/workflows/wds-6-asset-generation/steps-w/step-02-inventory.md","5b82d3f622c2985951cda509438e086b8ad14b9ecd0a7ef9bb61fda52812487b"
"md","step-02-investigate","wds","wds/workflows/wds-5-agentic-development/steps-f/step-02-investigate.md","682c73aff1415387489f88a24d3149931be2117fa388c1605978859118a64bc3"
"md","step-02-layout-sections","wds","wds/workflows/wds-4-ux-design/steps-p/step-02-layout-sections.md","7add63be83b3aad3fd1cd3ed5d693787806025001407fbaf4cdaf9f5e69f7200"
"md","step-02-navigation","wds","wds/workflows/wds-4-ux-design/steps-v/step-02-navigation.md","767f26e0b51b880cea85b54ab578cad088fec94877c4c85ed19cd38f4ad5a610"
"md","step-02-navigation-patterns","wds","wds/workflows/wds-3-scenarios/steps-v/step-02-navigation-patterns.md","417189dac667c779761c997e1fe0f7c43efe4be6fa8bcc3fe4519ca8b58f8d49"
"md","step-02-prioritization-integrity","wds","wds/workflows/wds-2-trigger-mapping/steps-v/step-02-prioritization-integrity.md","aa89b552cbb56262e3fe9c561fccd3128289fab89bfe0ce127e4e317cb304a44"
"md","step-02-scan-codebase","wds","wds/workflows/wds-5-agentic-development/steps-a/step-02-scan-codebase.md","6e18397d9ed07efc2d13fcd5c6c150fb34bc825840289da05e1eb7ed5757c4b3"
"md","step-02-setup-environment","wds","wds/workflows/wds-5-agentic-development/steps-d/step-02-setup-environment.md","0881db2887a8ea3fa05adbc36107b5bd29a2ccfbbcd5543de8af5d96a8022984"
"md","step-02-structure","wds","wds/workflows/wds-0-project-setup/steps/step-02-structure.md","1a548b3e1be0c8685228e54a3ee8b0ebba53d9966104d3fe544ec6ff1edb7cc6"
"md","step-02-trigger-map-consistency","wds","wds/workflows/wds-1-project-brief/steps-v/step-02-trigger-map-consistency.md","3defe3a801e6ba3cc270e857b05c98dc73eb339dba9c4132e7b9057e16bf48da"
"md","step-02-vision","wds","wds/workflows/wds-1-project-brief/steps-c/step-02-vision.md","d6ce9ea9107958a20615a5938fe27ee2edd11c3b4b41acacf5eaea64e31ac0e8"
"md","step-02a-explore-realization","wds","wds/workflows/wds-0-alignment-signoff/steps-c/step-02a-explore-realization.md","f9fffde15d4d88690cc720454a0ac1973fb15ee85555ef5eeab28d4b4075a8db"
"md","step-02b-explore-solution","wds","wds/workflows/wds-0-alignment-signoff/steps-c/step-02b-explore-solution.md","aabd36bd42382a62013acd0f7e11f3d52672859536096342beaf14027f85eb8d"
"md","step-02c-explore-why-it-matters","wds","wds/workflows/wds-0-alignment-signoff/steps-c/step-02c-explore-why-it-matters.md","7f183dea8c6ed155c93ac9c63d4e4a8390dd4fbdebaf5027c92a5e429550a06c"
"md","step-02d-explore-how-we-see-it-working","wds","wds/workflows/wds-0-alignment-signoff/steps-c/step-02d-explore-how-we-see-it-working.md","867facd2d44f0b6fd3b221e4933e72ec7609ae13c9bedec8c5f3ef1ee0ed6ab4"
"md","step-02e-explore-paths-we-explored","wds","wds/workflows/wds-0-alignment-signoff/steps-c/step-02e-explore-paths-we-explored.md","ead7fdac0638d6a7759165fbf895666feca3a1a1a6d49ab4da50a707554b68ab"
"md","step-02f-explore-recommended-solution","wds","wds/workflows/wds-0-alignment-signoff/steps-c/step-02f-explore-recommended-solution.md","65880fc237f41e8c85b5feaec6e9aad2b7c5da72cb7cff4f4aa46f2d801c5045"
"md","step-02g-explore-path-forward","wds","wds/workflows/wds-0-alignment-signoff/steps-c/step-02g-explore-path-forward.md","9d6d454ae8fb194b2e50fb52fc0e9e0644eade5ebdc3f7cff9d4663c06259fc7"
"md","step-02h-explore-value-we-create","wds","wds/workflows/wds-0-alignment-signoff/steps-c/step-02h-explore-value-we-create.md","7fe24e75e4c26f0e338f15f390883d228f022955db0619c2c7f7af9a5967de88"
"md","step-02i-explore-cost-of-inaction","wds","wds/workflows/wds-0-alignment-signoff/steps-c/step-02i-explore-cost-of-inaction.md","b2cb490ccfd1ba2cf9f2d727b2b80c8fa03f2b943d1b9204fb2d85ef7625ad18"
"md","step-02j-explore-our-commitment","wds","wds/workflows/wds-0-alignment-signoff/steps-c/step-02j-explore-our-commitment.md","9f0ba57e88de84ce26a7968af40498130a2cb115a9eefcba7e44937113d8ffac"
"md","step-02k-explore-summary","wds","wds/workflows/wds-0-alignment-signoff/steps-c/step-02k-explore-summary.md","e6281c64b04051628901b70f74c55e8427fd1e3746c8b920d16e1f0fe48b2827"
"md","step-02w-nb-compose-prompt","wds","wds/workflows/wds-4-ux-design/steps-w/step-02w-nb-compose-prompt.md","9e1d8f46cc16270959ce0036e8af13c59d8732db940397d6776489324e5f1ef9"
"md","step-03-action-filter","wds","wds/workflows/wds-6-asset-generation/steps-c/step-03-action-filter.md","b3b80e39a81b4963fa5076b8e861b6d7b24f495da045c8cccead6effb4da341c"
"md","step-03-build-strategic-context","wds","wds/workflows/wds-3-scenarios/steps-c/step-03-build-strategic-context.md","e18a947a445f97da0c2706c89067a88b4203a57e5230e23b6328958be4059a9d"
"md","step-03-calculate-similarity","wds","wds/workflows/wds-7-design-system/steps-c/step-03-calculate-similarity.md","8a76f79ca173fe78ff3807fe7baf81004f0ff403b07ffefb7e863a186c681027"
"md","step-03-components-objects","wds","wds/workflows/wds-4-ux-design/steps-p/step-03-components-objects.md","c3ae22673ee11101378348aad0f678ec6d34c97eebeb5de1b7f5e2926c2b200d"
"md","step-03-create-test-scenario","wds","wds/workflows/wds-4-ux-design/steps-h/step-03-create-test-scenario.md","e02f5775428fa9bb47e1a48b91b227aaa50181a9d5eb2c3eedf42d770af8756c"
"md","step-03-document-issues","wds","wds/workflows/wds-5-agentic-development/steps-t/step-03-document-issues.md","254c9f2dbd148ff89106c2c8e2c3db530c35c83fc6a8ad0cb139707c86c39bcc"
"md","step-03-fix","wds","wds/workflows/wds-5-agentic-development/steps-f/step-03-fix.md","06c13ad06ea0d3e337bbb1df2c4b955abd20d6a7d84e9b714f0b6a8bd951d3aa"
"md","step-03-generate-specs","wds","wds/workflows/wds-5-agentic-development/steps-r/step-03-generate-specs.md","295465fdb33a86f2b8228dbc6d7525b14168e4c77ceb6aa19da35857bbce07a8"
"md","step-03-implement","wds","wds/workflows/wds-5-agentic-development/steps-d/step-03-implement.md","081333201550cb4a7c1082b08fe5d755050f8729647f7397b5c7b48e73860ed8"
"md","step-03-map-architecture","wds","wds/workflows/wds-5-agentic-development/steps-a/step-03-map-architecture.md","68694cd4a3c58d208c8a727591414d7872937ee9813b54c5a44c6689646ae4f5"
"md","step-03-mental-state","wds","wds/workflows/wds-4-ux-design/steps-s/step-03-mental-state.md","5a9501d1424623905c8a39afe2f3e713085004472d1b65a620bdc640a3921fd8"
"md","step-03-outline-completeness","wds","wds/workflows/wds-3-scenarios/steps-v/step-03-outline-completeness.md","e13002ee722705f70a5c19dd6fc0cd1aae1b560b721e7744a031e023e9c2bc3d"
"md","step-03-page-overview","wds","wds/workflows/wds-4-ux-design/steps-v/step-03-page-overview.md","f342fa98273e5b1d05e42cfdfc6097de33173349c01ba5d885ca68fd0ff075f4"
"md","step-03-persona-consistency","wds","wds/workflows/wds-2-trigger-mapping/steps-v/step-03-persona-consistency.md","560d65920e30df389ef5a04f102b2d34ee1858a1d83c597c3edeee911ad7ef9d"
"md","step-03-plan-implementation","wds","wds/workflows/wds-5-agentic-development/steps-e/step-03-plan-implementation.md","9b346d428d44a16867ef9687f649ef7c22e9e995fb60a2c7c7d57d9b2acf5fe4"
"md","step-03-positioning","wds","wds/workflows/wds-1-project-brief/steps-c/step-03-positioning.md","1c8197e37b333b2eae10ac8c33c7ee79ea7266eebb800c86b9b35db97ff197cd"
"md","step-03-prepare-specifications","wds","wds/workflows/wds-6-asset-generation/steps-f/step-03-prepare-specifications.md","f08d624db4e663e61dc3383fd02f99758a30ba8a85ffbd229369b9801e641af1"
"md","step-03-review-integrate","wds","wds/workflows/wds-4-ux-design/steps-w/step-03-review-integrate.md","a9134e1bbc66df5d3467a72dddebcb8f41f62c9a7ecbac2649701e4b28818012"
"md","step-03-select-style","wds","wds/workflows/wds-6-asset-generation/steps-i/step-03-select-style.md","e10e2daab7fa29bc1d7953bfbcfb21f6aafec3dcbee016a977b29f4a5b1f9bb6"
"md","step-03-select-style","wds","wds/workflows/wds-6-asset-generation/steps-m/step-03-select-style.md","559be0f2a557c1b346c91866b3c80ec35192ffdf9d1458566068b4feaa0b9f95"
"md","step-03-select-style","wds","wds/workflows/wds-6-asset-generation/steps-p/step-03-select-style.md","e56375b3ed2d752baaa9c893d88403671fcc890a9e72d2c876cb7cb9352c219c"
"md","step-03-select-style","wds","wds/workflows/wds-6-asset-generation/steps-u/step-03-select-style.md","bcf57a792bc5d72422e05428b5e8a7990be59115895cfdf3df38ed48b82e2ad0"
"md","step-03-select-style","wds","wds/workflows/wds-6-asset-generation/steps-v/step-03-select-style.md","530163f5008093c7db04933b1e3498cb39c03352ec622663b9775cf1ce2de7d2"
"md","step-03-select-style","wds","wds/workflows/wds-6-asset-generation/steps-w/step-03-select-style.md","0a1df80fe67ad458384ff8771d9f32b016901f5db506fb3026461029ec5aa9a3"
"md","step-03-seo-strategy","wds","wds/workflows/wds-1-project-brief/steps-v/step-03-seo-strategy.md","418955caeadbc07aa436928904a32907e5732cbc7d33590a036095afe59ef7b3"
"md","step-03-target-groups","wds","wds/workflows/wds-2-trigger-mapping/steps-c/step-03-target-groups.md","f789487e126109d225af51daf5aa6657605be0cc051138b608849cf553667b09"
"md","step-03-validate-usage","wds","wds/workflows/wds-4-ux-design/steps-m/step-03-validate-usage.md","0a53458371e77a2b8c0af69b72e3c4a05a44cc934b52e264eab9dc1833853849"
"md","step-03a-reflect-back","wds","wds/workflows/wds-0-alignment-signoff/steps-c/step-03a-reflect-back.md","3e783153ba829535deb81b00acd24f651b9b4ec3a2eea78b38862d8f134ee584"
"md","step-03b-synthesize-document","wds","wds/workflows/wds-0-alignment-signoff/steps-c/step-03b-synthesize-document.md","f067905d3f4b51da9cb5e33f4ec47aa71c25b5694bb3ecb4d52ea6f392773335"
"md","step-03d-present-approval","wds","wds/workflows/wds-0-alignment-signoff/steps-c/step-03d-present-approval.md","19b6b056ecfdaf2e55e51e33fbed64098abdcc24be1ad0994357e0cf9c5961a4"
"md","step-04-content-language","wds","wds/workflows/wds-1-project-brief/steps-v/step-04-content-language.md","b6a36ff8887dc67123bbba445d673c8a350e8582c66f1903038c9511ceca51d7"
"md","step-04-content-languages","wds","wds/workflows/wds-4-ux-design/steps-p/step-04-content-languages.md","e7785d8d071e4391d562003ad481bae3bb8d0f0edd36357d66a16e1728c81d64"
"md","step-04-cross-scenario-consistency","wds","wds/workflows/wds-3-scenarios/steps-v/step-04-cross-scenario-consistency.md","9006ad14e5ec6f12d47bf549dee686fc3d585cb84e6a8f703bebe7d48178fb5c"
"md","step-04-document-findings","wds","wds/workflows/wds-5-agentic-development/steps-a/step-04-document-findings.md","6d228ca5a66b595a999da745e4397486b83b85031f0b320454d62f3ce280dc4d"
"md","step-04-driving-forces","wds","wds/workflows/wds-2-trigger-mapping/steps-c/step-04-driving-forces.md","fe3a218cebc032b700c5eef569ed54b8fdff7bd8626cec662a1e9b551c5f8608"
"md","step-04-empowerment-frame","wds","wds/workflows/wds-6-asset-generation/steps-c/step-04-empowerment-frame.md","46d64c1e005e3e4e8c52628db9d1db916ed14d5553698992456e93381b6f16e8"
"md","step-04-extract-design-system","wds","wds/workflows/wds-5-agentic-development/steps-r/step-04-extract-design-system.md","9b3b7f42ee2937b9a50fd509cce40ee916104f0aa2ca5b5b1e0a0a06bdaf08da"
"md","step-04-feature-impact-alignment","wds","wds/workflows/wds-2-trigger-mapping/steps-v/step-04-feature-impact-alignment.md","47e2d095e5b56f347d49f39eef9e60ba2612db52ed434456ddeba55cbe6194d5"
"md","step-04-generate","wds","wds/workflows/wds-6-asset-generation/steps-i/step-04-generate.md","8a8656663859d5eea39573b27d6285bc547bdf52106d5bb3bb75e4d196804b59"
"md","step-04-generate","wds","wds/workflows/wds-6-asset-generation/steps-p/step-04-generate.md","894c97fa768b9f860e3a123eac69b21f0987facbc9aad8cb616a58ada08809db"
"md","step-04-generate","wds","wds/workflows/wds-6-asset-generation/steps-u/step-04-generate.md","20baac1cffbf94e3f9feaaf7d555181c46b25a0009ab2d7e5add1c58bf7e1e1d"
"md","step-04-generate","wds","wds/workflows/wds-6-asset-generation/steps-v/step-04-generate.md","3cc5edfef5629f5ee9c82a66bf271d58ee5902c82375ee9ab63b1b00e90de4d4"
"md","step-04-generate","wds","wds/workflows/wds-6-asset-generation/steps-w/step-04-generate.md","0c24cd529fb2fa6fe64e7aa4dd68be33192a3a80f8050f0538741da3d97a8125"
"md","step-04-generate-validate","wds","wds/workflows/wds-6-asset-generation/steps-f/step-04-generate-validate.md","dc0b9af7f1e4ace89ee190875d1f867c6b0abbc4a5f98b1942b922bf2f718a1d"
"md","step-04-handoff-dialog","wds","wds/workflows/wds-4-ux-design/steps-h/step-04-handoff-dialog.md","b3c5f557b596f3d3d044360c8c9e6cb873a962d0f37b33a703ed551c70602cb1"
"md","step-04-identify-opportunities","wds","wds/workflows/wds-7-design-system/steps-c/step-04-identify-opportunities.md","7f258d9cea7f036077ee4c3462cc6e8ad49a7ad5c6f6d73329f06c1bf4e137f0"
"md","step-04-implement","wds","wds/workflows/wds-5-agentic-development/steps-e/step-04-implement.md","e67b00aac0be1ba8481507fb88381f14594a647dbe5d2391b02f46847151ed74"
"md","step-04-mutual-success","wds","wds/workflows/wds-4-ux-design/steps-s/step-04-mutual-success.md","dab75ce6626bb7c191896e28884a806530e145b116322a771579238229c16c03"
"md","step-04-page-sections","wds","wds/workflows/wds-4-ux-design/steps-v/step-04-page-sections.md","937f8ce8b18bc2ce8c6d6e5e9e2befe43098cc99c799f48ac3e3e4063643c936"
"md","step-04-references","wds","wds/workflows/wds-6-asset-generation/steps-m/step-04-references.md","cf47aa67e130fbe9c5f5af10f56a8d970796b7342c3faaeab1050aa85dc4fc46"
"md","step-04-report","wds","wds/workflows/wds-5-agentic-development/steps-t/step-04-report.md","bcea3bade0f725a7e1a9fbed13bde931ab524f0c78bb00a66f8d69897bb49479"
"md","step-04-suggest-scenarios","wds","wds/workflows/wds-3-scenarios/steps-c/step-04-suggest-scenarios.md","75e21111d34e9fa415d33d348d26f7e1c9117287ef372eddf057d421dd5372c8"
"md","step-04-verify","wds","wds/workflows/wds-5-agentic-development/steps-d/step-04-verify.md","10e3ff9a2e88c714b33abf483b4ef2b320af9e608aec52cdc4389ee498ea59bb"
"md","step-04-verify","wds","wds/workflows/wds-5-agentic-development/steps-f/step-04-verify.md","980eb34642307013fa7fc58e8ebc5e065b8923785b67460dbfdfbd214b2afa01"
"md","step-04a-offer-signoff","wds","wds/workflows/wds-0-alignment-signoff/steps-c/step-04a-offer-signoff.md","d62ed535de99c09b344e9d7fb939dd09fd11119f0a69d0286018081364c626d8"
"md","step-04b-determine-business-model","wds","wds/workflows/wds-0-alignment-signoff/steps-c/step-04b-determine-business-model.md","fc0f71fca924323f09027c958b790691ead1c0857053874b91babd6c9fcda8e3"
"md","step-05-business-model","wds","wds/workflows/wds-1-project-brief/steps-c/step-05-business-model.md","30cbf22df63db54e7789a38dc85dbb81732c46e77044e17f5af212128d086445"
"md","step-05-cross-document-coherence","wds","wds/workflows/wds-2-trigger-mapping/steps-v/step-05-cross-document-coherence.md","7b1211bcc609de6059a7e5f06ff32f499ecba2e31d70a3d57c131248bc07140e"
"md","step-05-document","wds","wds/workflows/wds-5-agentic-development/steps-f/step-05-document.md","4e41bd1baac0cb703dee3658b0342bd79b7d7ab4fcc937201eb872370704fbc3"
"md","step-05-execute-export","wds","wds/workflows/wds-6-asset-generation/steps-f/step-05-execute-export.md","f160a53a6fa0be6de0951d00478f35c4db3eaf73e2320e814447ff65b90546fd"
"md","step-05-finalize","wds","wds/workflows/wds-5-agentic-development/steps-d/step-05-finalize.md","3f5cebcf269b28d919285560fbe1489bee4eeb4a11be274563b71e76892110fb"
"md","step-05-generate","wds","wds/workflows/wds-6-asset-generation/steps-m/step-05-generate.md","9245b492bd781a1074e14c0f2d4b061a955a36e995771e8b8d57b749420a16ea"
"md","step-05-hand-off","wds","wds/workflows/wds-4-ux-design/steps-h/step-05-hand-off.md","bd417afc9afe88f05f1ba8421ce4b682a3fa3373ca1f98b2794412561499d349"
"md","step-05-identify-risks","wds","wds/workflows/wds-7-design-system/steps-c/step-05-identify-risks.md","62c10fcf19822d1685006925e03d1b4eb0029220ed32ecfdffd6d27ec8a0f256"
"md","step-05-interactions","wds","wds/workflows/wds-4-ux-design/steps-p/step-05-interactions.md","461e6b2936833e94c7d153293efbfb1f28d986d36b1c842b5a0850a15837655e"
"md","step-05-iterate","wds","wds/workflows/wds-5-agentic-development/steps-t/step-05-iterate.md","50b08ed439f0505112adaaf6211c7d2d8f108d1d6977e5cd3568b45e3c429f92"
"md","step-05-outline-scenario","wds","wds/workflows/wds-3-scenarios/steps-c/step-05-outline-scenario.md","557f1caf8ede41402782d2fb05c066fafdd2b76cc70dd955f77107001d46726f"
"md","step-05-prioritization","wds","wds/workflows/wds-2-trigger-mapping/steps-c/step-05-prioritization.md","f9373fa5fa964dae42df37006a25c450e6fba845f34540aabcdc4db05b2c65e8"
"md","step-05-review","wds","wds/workflows/wds-6-asset-generation/steps-i/step-05-review.md","3553d28a89546e6ca509659813783d978a204709996d17464e316bad93e237ac"
"md","step-05-review","wds","wds/workflows/wds-6-asset-generation/steps-p/step-05-review.md","7bf3e1b9a4f81d87c68b5656c5bd9aba9ee5f033c3595f18ad61792c1c4710a1"
"md","step-05-review","wds","wds/workflows/wds-6-asset-generation/steps-u/step-05-review.md","bdc4a98effb86874b47e3680b76ddfa30c302026e5df6d7bd8f93ba2a87b0b74"
"md","step-05-review","wds","wds/workflows/wds-6-asset-generation/steps-v/step-05-review.md","e14a844c903979f66c1c6492b17c8178ccdea6b3c18e7659ba0d626da70c5720"
"md","step-05-review","wds","wds/workflows/wds-6-asset-generation/steps-w/step-05-review.md","c49d03a9387054de66862e238aadf660ce76e447938db3ed3c31f41b7e773314"
"md","step-05-section-order","wds","wds/workflows/wds-4-ux-design/steps-v/step-05-section-order.md","e936508913cddd3d66d1e734066d1538d440cd25f935532e92c8dc70931928ee"
"md","step-05-seo-keyword-alignment","wds","wds/workflows/wds-3-scenarios/steps-v/step-05-seo-keyword-alignment.md","19196d31f1cb8e6c390bdf04e71b5757d343b568e70b0def90dbc9d3896826c3"
"md","step-05-shortest-path","wds","wds/workflows/wds-4-ux-design/steps-s/step-05-shortest-path.md","4dd8bbdec37d777b33eeb427903844be2c7afc4427ac9c142670e80ccff0de21"
"md","step-05-structural-order","wds","wds/workflows/wds-6-asset-generation/steps-c/step-05-structural-order.md","b98eee2b07184071a489cb6f8ab51db27d71a3511c933375fbd41ed2fa0e4839"
"md","step-05-verify-and-document","wds","wds/workflows/wds-5-agentic-development/steps-e/step-05-verify-and-document.md","b912090ca2277a0e9a5b6f2b64559a46d67c2b56b7293eb1d54a9b97699b2bc3"
"md","step-05-visual-direction","wds","wds/workflows/wds-1-project-brief/steps-v/step-05-visual-direction.md","23d70e5e57f7e1b27bde3d954b7a82f529facbf3eeba11f29044a0740f010232"
"md","step-05a-contract-overview","wds","wds/workflows/wds-0-alignment-signoff/steps-c/step-05a-contract-overview.md","71e0657c5688804a4088379e60d6a8a3b9f9b9ccda6b43ca6abb1d2c79ecc19c"
"md","step-05b-contract-business-model","wds","wds/workflows/wds-0-alignment-signoff/steps-c/step-05b-contract-business-model.md","a43d565508eca88f6fc9ec366b0858c4711b9519b1bbc4ad9e9411004255bf14"
"md","step-05c-contract-scope","wds","wds/workflows/wds-0-alignment-signoff/steps-c/step-05c-contract-scope.md","1d60701af9288a6cc3b9202becc1ed9d6e4f501c75f621928606ff0c20395cf4"
"md","step-05d-contract-payment","wds","wds/workflows/wds-0-alignment-signoff/steps-c/step-05d-contract-payment.md","9ae3f5c45f62408aa2ba66076a0e8518ac2810695a72a72d2463136d38c090cc"
"md","step-05e-contract-timeline","wds","wds/workflows/wds-0-alignment-signoff/steps-c/step-05e-contract-timeline.md","c5e6cfa81d77c61ff54de897ad86c0970e9cf5e7228b2599d11dec596a68c4ad"
"md","step-05f-contract-availability","wds","wds/workflows/wds-0-alignment-signoff/steps-c/step-05f-contract-availability.md","7867cce03829374b3a28858c9d7ddb79990bc6c8c3e8561b5aa249d45741a92c"
"md","step-05g-contract-confidentiality","wds","wds/workflows/wds-0-alignment-signoff/steps-c/step-05g-contract-confidentiality.md","6517428388e4a8debaad2be9f430382b892a57ff56f554d4cb8a42318cc439b4"
"md","step-05h-contract-not-to-exceed","wds","wds/workflows/wds-0-alignment-signoff/steps-c/step-05h-contract-not-to-exceed.md","fd3ebfc01288edfa9c82abd58fa0e0b3ea94803116f1358ae6a391a2ad3282e5"
"md","step-05i-contract-work-initiation","wds","wds/workflows/wds-0-alignment-signoff/steps-c/step-05i-contract-work-initiation.md","678c18b7f34dc2c2f381ea3d782455485b815ab5b10781826bdc62f7f78c3033"
"md","step-05j-contract-terms","wds","wds/workflows/wds-0-alignment-signoff/steps-c/step-05j-contract-terms.md","e587befed2a55c4363a195c1c21ccc650cfd96e9e59a0f8c39ad2e92c9a40630"
"md","step-05k-contract-approval","wds","wds/workflows/wds-0-alignment-signoff/steps-c/step-05k-contract-approval.md","414e2baf5dc3fdce18d82b8e3da1c0aafd97d72762b597a6bad05f1ed467fda1"
"md","step-05l-finalize-contract","wds","wds/workflows/wds-0-alignment-signoff/steps-c/step-05l-finalize-contract.md","878a7c7209d24b02e27744388a0a2915fc1daca617eb61c50a32a9e775d2af3b"
"md","step-06-business-customers","wds","wds/workflows/wds-1-project-brief/steps-c/step-06-business-customers.md","2512638ba3db9fa71b869290aaa4a0a2a9c86805bda26d8d040ecb62d79a856c"
"md","step-06-continue","wds","wds/workflows/wds-4-ux-design/steps-h/step-06-continue.md","c040d64f43b207e4286d3853a6cf794fd0399a20ac7508569d2c6a39a899cc79"
"md","step-06-generate-content","wds","wds/workflows/wds-6-asset-generation/steps-c/step-06-generate-content.md","f75eba73fed281eeb4beb6e15da5f981b6cbbbd1c8fc11626f34b68cdef52538"
"md","step-06-generate-overview","wds","wds/workflows/wds-3-scenarios/steps-c/step-06-generate-overview.md","2520ff9406c34efebfffb21cb700a7f2ee9650fb6bdb7fb2b49c0537df48f85a"
"md","step-06-object-registry","wds","wds/workflows/wds-4-ux-design/steps-v/step-06-object-registry.md","40ae57257f124c17e292dfe2da3322d34230e599cf3d85dfc32e6715f00f1c48"
"md","step-06-platform-requirements","wds","wds/workflows/wds-1-project-brief/steps-v/step-06-platform-requirements.md","b036c12edbaa8674f23cb10b2bc9f98e976b10f3c7981f789ca533e64b5cafb8"
"md","step-06-present-decision","wds","wds/workflows/wds-7-design-system/steps-c/step-06-present-decision.md","0193c75ea40093dfe4ec9cfa3b9306775b1673a5eb6a08867a6bd847eac6a530"
"md","step-06-review","wds","wds/workflows/wds-6-asset-generation/steps-m/step-06-review.md","fcdc2559ea16cd330756b843161c5c504737bbae79dfa4292ddf55df3b91de3a"
"md","step-06-scenario-name","wds","wds/workflows/wds-4-ux-design/steps-s/step-06-scenario-name.md","e5c5bd3e875c2864f2e31366bbdfe12793c7c2c2c765473e4dd4ff9d54e5f1f9"
"md","step-06-states","wds","wds/workflows/wds-4-ux-design/steps-p/step-06-states.md","5978d21ddfb06ba29608b55fc5d545956fdc1733d3fea7ea7f104d0cf5148fe2"
"md","step-06a-build-internal-signoff","wds","wds/workflows/wds-0-alignment-signoff/steps-c/step-06a-build-internal-signoff.md","ee62c66895fbec45e6f117e45bce23941a2a4f4189c98ecaf91021310fc6f71a"
"md","step-06a-extract-features","wds","wds/workflows/wds-2-trigger-mapping/steps-c/step-06a-extract-features.md","095362d996adca6c215726f0d58e81d70da2eb6503519b5cc52c7c61664b7351"
"md","step-06b-confirm-assessment","wds","wds/workflows/wds-2-trigger-mapping/steps-c/step-06b-confirm-assessment.md","e6f4a204053418925ef79fc14d583713774843aad721a398da40dc90ee907562"
"md","step-06b-finalize-signoff","wds","wds/workflows/wds-0-alignment-signoff/steps-c/step-06b-finalize-signoff.md","25ac237bb8c8442e51391d71a93fbbb3bc9420c9e8e92b0c8c1102d9a343a7d0"
"md","step-06c-make-assessment","wds","wds/workflows/wds-2-trigger-mapping/steps-c/step-06c-make-assessment.md","87466dfa354e54e30718c0b3ce58ff6de3b1b614749d183a103a51cca7b34dd8"
"md","step-06d-generate-document","wds","wds/workflows/wds-2-trigger-mapping/steps-c/step-06d-generate-document.md","899e94c6bccee43d4c301faa71046e77af6400e6a1483b4774a9210f8524e9a5"
"md","step-06e-feature-wrap-up","wds","wds/workflows/wds-2-trigger-mapping/steps-c/step-06e-feature-wrap-up.md","19e0f4ee1f34f437dcc932566a88713cdd12cfbcf0ceb3fdb811e091321068d0"
"md","step-07-create-scenario-folder","wds","wds/workflows/wds-4-ux-design/steps-s/step-07-create-scenario-folder.md","571c7779dfcd0827e67db6ce69b4970aa6aaf11043e13cce926a62486e867a6f"
"md","step-07-design-system-separation","wds","wds/workflows/wds-4-ux-design/steps-v/step-07-design-system-separation.md","4e7019a8b8945dda75f2c3653d471c6972711de758793988c70e9cdc7e7c6def"
"md","step-07-execute-decision","wds","wds/workflows/wds-7-design-system/steps-c/step-07-execute-decision.md","ac2b557af2cbeeb23bf5c70dee85f9bf80cfe9e2cb9153aca5a4eb7472248573"
"md","step-07-quality-review","wds","wds/workflows/wds-3-scenarios/steps-c/step-07-quality-review.md","d15be9d79973d133225a7f2fdc68074862eebdcc1392960395d0b48bdc286dc6"
"md","step-07-target-users","wds","wds/workflows/wds-1-project-brief/steps-c/step-07-target-users.md","388528a31fb32e6d75482386053815d4b6031784de4300ffbbe386b5f08dc929"
"md","step-07-validation","wds","wds/workflows/wds-4-ux-design/steps-p/step-07-validation.md","729e7b837ec68b06b5ee03255bdd729613b6757f6cf7e5c49694b1adcb97eec0"
"md","step-07a-generate-hub","wds","wds/workflows/wds-2-trigger-mapping/steps-c/step-07a-generate-hub.md","dae82ab29809c21443041d2c73b4445de8a2c5b484fd22dce63266d80c770da9"
"md","step-07a-product-concept","wds","wds/workflows/wds-1-project-brief/steps-c/step-07a-product-concept.md","57674d9558205757fd24fe27c9d010858b6c257c359b8e1be195ab35ccfca814"
"md","step-07b-generate-business-goals","wds","wds/workflows/wds-2-trigger-mapping/steps-c/step-07b-generate-business-goals.md","e28d0e302a183646f2eee465bbe50e7a2bf9921277a9d1a834fe549aa18f5d58"
"md","step-07c-generate-primary-persona","wds","wds/workflows/wds-2-trigger-mapping/steps-c/step-07c-generate-primary-persona.md","37b934acfdf7af4125f19ea3d2ce9cae549caff0b7c1fb29a6c036b412cf13ad"
"md","step-07d-generate-secondary-persona","wds","wds/workflows/wds-2-trigger-mapping/steps-c/step-07d-generate-secondary-persona.md","5a5305e09de22fa136f310d5008405672b564d1e602faf28709a4f2e1d258ee8"
"md","step-07e-generate-tertiary-persona","wds","wds/workflows/wds-2-trigger-mapping/steps-c/step-07e-generate-tertiary-persona.md","819d5f8c4672692f8ef755d5542b69058c3c438e8a740cb3cf874d334129d08c"
"md","step-07f-generate-key-insights","wds","wds/workflows/wds-2-trigger-mapping/steps-c/step-07f-generate-key-insights.md","b8ceda09fe8f1c2460a0dc5b6a28b6d67018e869b359bbbff9cb2d8f322bbab4"
"md","step-07g-quality-check","wds","wds/workflows/wds-2-trigger-mapping/steps-c/step-07g-quality-check.md","5470b9f19624f098901c558f565b7aa9b0ab1a668b2949316bc61234aa54550a"
"md","step-08-page-context","wds","wds/workflows/wds-4-ux-design/steps-s/step-08-page-context.md","2e0aa6ea435e7ec1fab7448c968d3fbbd05b887b98ee97445027819d15658711"
"md","step-08-seo-compliance","wds","wds/workflows/wds-4-ux-design/steps-v/step-08-seo-compliance.md","701262c71e2998b0ef3548dbabc57506d6fab9edb981100f2c55946aa9e75ab4"
"md","step-08-spacing-typography","wds","wds/workflows/wds-4-ux-design/steps-p/step-08-spacing-typography.md","538ed208cbf1e99e0b44eec684edacdf8683250676243c37baf51e2d5b54f02a"
"md","step-08-success-criteria","wds","wds/workflows/wds-1-project-brief/steps-c/step-08-success-criteria.md","1bffdcefd8f0af0b1e73589465a65d50c6851044619301f26cf66f971eb4b8d4"
"md","step-08-update-design-log","wds","wds/workflows/wds-3-scenarios/steps-c/step-08-update-design-log.md","787ce3d52812bddfe5cc985c2f4601667160cf4b55f1974871a95201753a5e80"
"md","step-08a-initialize-design-system","wds","wds/workflows/wds-7-design-system/steps-c/step-08a-initialize-design-system.md","176cd33f5b97d16bdfd96ee91584ba9df2ad8e29c678e064130252346aa44ff2"
"md","step-08a-mermaid-init-structure","wds","wds/workflows/wds-2-trigger-mapping/steps-c/step-08a-mermaid-init-structure.md","79da81b7296c439ba1d3daa9eb3b2e305631b38c39c378c373645007fe214e2e"
"md","step-08b-create-new-component","wds","wds/workflows/wds-7-design-system/steps-c/step-08b-create-new-component.md","9a41f7d27c1a60e1445998d5b1a154fbb98cee41fd0e99364ba8e2fab3f3a416"
"md","step-08b-mermaid-business-goals","wds","wds/workflows/wds-2-trigger-mapping/steps-c/step-08b-mermaid-business-goals.md","d93c636ead26da07ee5b4de8e281e95b8ed90e78d23e7d8eca75e425ec5d2d8d"
"md","step-08c-mermaid-platform","wds","wds/workflows/wds-2-trigger-mapping/steps-c/step-08c-mermaid-platform.md","a5f981ddafcc4d592c78f087e8e2054d672e2fcfcde2d3308ab736cb5629c765"
"md","step-08c-update-component","wds","wds/workflows/wds-7-design-system/steps-c/step-08c-update-component.md","762e3ac7b05abe1a76cff424eeec3863d0012331f4bd753c951b9cde1c555443"
"md","step-08d-add-variant","wds","wds/workflows/wds-7-design-system/steps-c/step-08d-add-variant.md","92ad07bdcaea1092e4f050113814f2b3ee5a70564f0da41b47ff5444bccd8f7a"
"md","step-08d-mermaid-target-groups","wds","wds/workflows/wds-2-trigger-mapping/steps-c/step-08d-mermaid-target-groups.md","26ad97d1e4e50b4fb1da6594ab9a7850357b29adf60bfc07fc9f31a4ef1c51ef"
"md","step-08e-generate-catalog","wds","wds/workflows/wds-7-design-system/steps-c/step-08e-generate-catalog.md","1bf4d0ef3d433f31a641ad1c965d1d2a50442f616fd544078a3de54e7f91427b"
"md","step-08e-mermaid-driving-forces","wds","wds/workflows/wds-2-trigger-mapping/steps-c/step-08e-mermaid-driving-forces.md","3e0d9e46ac8a861a16f9b22f0396195e4c21b4aafdc99e6be2a6b3e2d4506d66"
"md","step-08f-mermaid-connections","wds","wds/workflows/wds-2-trigger-mapping/steps-c/step-08f-mermaid-connections.md","db7e7df7bc536044c494d2c5335d80465e7a3a3b7da9abb942b4d31fce79be9d"
"md","step-08g-mermaid-styling","wds","wds/workflows/wds-2-trigger-mapping/steps-c/step-08g-mermaid-styling.md","e1326f52cc101e3a24498e9820c33123b1aeb658b0299d850bef10074ecbc752"
"md","step-08h-mermaid-quality","wds","wds/workflows/wds-2-trigger-mapping/steps-c/step-08h-mermaid-quality.md","ae1a8cfb663d6331dbac80335a09659d374d83cbbb94ed31f552c379dfe81688"
"md","step-09-competitive-landscape","wds","wds/workflows/wds-1-project-brief/steps-c/step-09-competitive-landscape.md","46061018bf8a6a555f3c7ddf33ebaa5753b49b48d58892adb2987d93b937eb12"
"md","step-09-design-system-consistency","wds","wds/workflows/wds-4-ux-design/steps-v/step-09-design-system-consistency.md","4ab7e741f42f11151c53c2543875e83b8272570216c8bde3c0729ddba7c3231a"
"md","step-09-generate-spec","wds","wds/workflows/wds-4-ux-design/steps-p/step-09-generate-spec.md","c3a67e85249891997b9635879e80f88406a9793e9e11611949b1dc63b74a69f4"
"md","step-09-handover","wds","wds/workflows/wds-3-scenarios/steps-c/step-09-handover.md","79d7e89cc7660d39c9b4d1c2c26b4a4485fc4ba774d6189ad9ca609ecb93c8a5"
"md","step-09-page-name","wds","wds/workflows/wds-4-ux-design/steps-s/step-09-page-name.md","59d0c0d03044a454d5837d9298094fdd6aca96c5a2674747c8c81f1f7df056a5"
"md","step-09a-finalize-hub","wds","wds/workflows/wds-2-trigger-mapping/steps-c/step-09a-finalize-hub.md","6af1b59fe4e3665c1aef7c1e910231165047a3a7dcd26fe3aa97756c6a91bdd5"
"md","step-09b-add-cross-references","wds","wds/workflows/wds-2-trigger-mapping/steps-c/step-09b-add-cross-references.md","01ed60bbf4642581e7bb541a8d5dd3e1edfb7cf76642cc979617d44fb560c8a3"
"md","step-09c-quality-check","wds","wds/workflows/wds-2-trigger-mapping/steps-c/step-09c-quality-check.md","e25244a766a09fd846fb2cd538e0a62d3376e943c801c3dc39b0cfd95afd6a63"
"md","step-09d-create-handover-package","wds","wds/workflows/wds-2-trigger-mapping/steps-c/step-09d-create-handover-package.md","29ac3c2ebdd371915c362127c9dcc8bb9de8298f277f85f7c14dddc5333d4dee"
"md","step-09e-update-design-log","wds","wds/workflows/wds-2-trigger-mapping/steps-c/step-09e-update-design-log.md","92df9226aa62a85b1a72319b8202c6b9eab84641f9f5007e9625d59b58c030c0"
"md","step-09f-provide-activation","wds","wds/workflows/wds-2-trigger-mapping/steps-c/step-09f-provide-activation.md","495692e2ccb110847ec059ae771c75714e9f06a387cb294c5eb52a31cf5da3ec"
"md","step-10-constraints","wds","wds/workflows/wds-1-project-brief/steps-c/step-10-constraints.md","a71e3966bed34bfb2c22177343f50121592b036d0190f8cbb4d5a951b8d7c1ea"
"md","step-10-final-validation","wds","wds/workflows/wds-4-ux-design/steps-v/step-10-final-validation.md","eb79471c429a88466675e6b2f0a4f04763f1c4bfaaf256006f632651110691bc"
"md","step-10-page-purpose","wds","wds/workflows/wds-4-ux-design/steps-s/step-10-page-purpose.md","a1efac12141c5a33039f2688c64f442130fff15e7486704dc987bde4b76de338"
"md","step-10a-platform-strategy","wds","wds/workflows/wds-1-project-brief/steps-c/step-10a-platform-strategy.md","414fa734c9efac334c4ad073c1b166caf42dc53b2ebb3a0369221c337764c6f0"
"md","step-11-entry-point","wds","wds/workflows/wds-4-ux-design/steps-s/step-11-entry-point.md","3193b71a31a644a19ef9aec729a27428196cc61c52a00a1f97e1817c15a6fcad"
"md","step-11-tone-of-voice","wds","wds/workflows/wds-1-project-brief/steps-c/step-11-tone-of-voice.md","d21c19c2663c3bc6fb2a04b845b2dbece3cca952a8d0b05e17b452358ceddc25"
"md","step-12-create-product-brief","wds","wds/workflows/wds-1-project-brief/steps-c/step-12-create-product-brief.md","4943d0d6239d00536d45a3d899689378cbd3466033dbb5813143f30d013fc520"
"md","step-12-mental-state","wds","wds/workflows/wds-4-ux-design/steps-s/step-12-mental-state.md","8ead2ffb7f72d3a380c796782a426e4606f0bc271709d126bb74ad3bc7a8a022"
"md","step-13-content-init","wds","wds/workflows/wds-1-project-brief/steps-c/step-13-content-init.md","cd9ec401dee6ff18f2f9a2a604c34b43d4f500296f4d00922f74b0769f963b03"
"md","step-13-desired-outcome","wds","wds/workflows/wds-4-ux-design/steps-s/step-13-desired-outcome.md","46ea2e121bd12fb02f693427e2a7356c61dca4535b400818d21c236a151ebdbc"
"md","step-14-personality","wds","wds/workflows/wds-1-project-brief/steps-c/step-14-personality.md","30078925c7b99d0faeddcf7238f490f2e8f368ff600134d5586dba08e39a4536"
"md","step-14-variants","wds","wds/workflows/wds-4-ux-design/steps-s/step-14-variants.md","768e60fbcd380473a77a97e2bc0aed8926476766edb8cadacd1a0159f3613b4b"
"md","step-15-create-page-structure","wds","wds/workflows/wds-4-ux-design/steps-s/step-15-create-page-structure.md","74af9abdf88cf35d3b31415b173f818b26ad212aa8cee3912d70a5b7c234b1b3"
"md","step-15-tone","wds","wds/workflows/wds-1-project-brief/steps-c/step-15-tone.md","551bb83843df27f9e81e55025a37c63bdc1de34fb5f49a9081e8ed5919f1b662"
"md","step-16-languages","wds","wds/workflows/wds-1-project-brief/steps-c/step-16-languages.md","76ed504550abda51db4b0f06cd469d62e472cc218a19d7eac00de15fa137560b"
"md","step-17-seo-keywords","wds","wds/workflows/wds-1-project-brief/steps-c/step-17-seo-keywords.md","831082ef6e793790791f3cfa06f0212e5c8bce7ddfd8886c7c1b99f955ef3153"
"md","step-17a-content-structure","wds","wds/workflows/wds-1-project-brief/steps-c/step-17a-content-structure.md","2e709b116a6f9d03f1f1171a15ae610d820daad7f6dc12d573e6b738d7ed83f1"
"md","step-18-create-content-document","wds","wds/workflows/wds-1-project-brief/steps-c/step-18-create-content-document.md","f57165f8042282be1ab64707420e6f94cc131b9a35789053537a12bb3d569497"
"md","step-19-inspiration-workshop","wds","wds/workflows/wds-1-project-brief/steps-c/step-19-inspiration-workshop.md","5c7ae3a36c4f4829697a2735c668bf96272113843589ee39bacaed8c67f8cb21"
"md","step-20-visual-init","wds","wds/workflows/wds-1-project-brief/steps-c/step-20-visual-init.md","b0467a2955aca4efcd67a39afdee162eb5c767f57aa6d9e99b014a42d7a038a4"
"md","step-21-existing-brand","wds","wds/workflows/wds-1-project-brief/steps-c/step-21-existing-brand.md","e6602307da8216bef886af1703cbc7b1382c32633d204b0c491766c6dee4ae3c"
"md","step-22-references","wds","wds/workflows/wds-1-project-brief/steps-c/step-22-references.md","244e527eb0892814d5a96db4d4e5d60e3039f8a95369b66a47ca8892c39a2654"
"md","step-23-design-style","wds","wds/workflows/wds-1-project-brief/steps-c/step-23-design-style.md","2cca9f465b470be314bb17ec882b9ac50dd2a2a4f6818ba5a4dcffeca7069b20"
"md","step-24-layout-effects","wds","wds/workflows/wds-1-project-brief/steps-c/step-24-layout-effects.md","02f08384d9817168b93d1541623e01d76cb838e502489ee907e0df132e594832"
"md","step-25-imagery","wds","wds/workflows/wds-1-project-brief/steps-c/step-25-imagery.md","ec654197a117afcfc94b3d58d14f661b630fcffe14cc75cb6fd0515561537c1e"
"md","step-26-create-visual-document","wds","wds/workflows/wds-1-project-brief/steps-c/step-26-create-visual-document.md","47b0cfe7b40e481534dd70f991aae7bb954edf04d9cae6fdf33f5d0e4d6317c0"
"md","step-27-platform-init","wds","wds/workflows/wds-1-project-brief/steps-c/step-27-platform-init.md","596bb3dfedd0a5165c09f40afee9a0c201d02513ab3b481d1308a8fbf83118f9"
"md","step-28-tech-stack","wds","wds/workflows/wds-1-project-brief/steps-c/step-28-tech-stack.md","f9ede60c358781dc7ff4db670b9492211ad37c48485bb16b0bd0717bac6c4cae"
"md","step-29-integrations","wds","wds/workflows/wds-1-project-brief/steps-c/step-29-integrations.md","a4e397475564ac4a3a7e4c9b70044d981760bf35d20811d76db41562b15c5275"
"md","step-30-contact-strategy","wds","wds/workflows/wds-1-project-brief/steps-c/step-30-contact-strategy.md","353f485470a3a62c05ca71898a64dbc3611cc266b178c77bc1859bf8929d38cb"
"md","step-31-multilingual","wds","wds/workflows/wds-1-project-brief/steps-c/step-31-multilingual.md","d156fdcb53891e93df116d54fe3faf8649e22e30ed06ffd2b56d45ff4057fec7"
"md","step-32-create-platform-document","wds","wds/workflows/wds-1-project-brief/steps-c/step-32-create-platform-document.md","28098890cc94fe697c28b72fd82903cc94efc3614994fd68e0d33020d11f7c87"
"md","step-33-analyze-brief","wds","wds/workflows/wds-1-project-brief/steps-c/step-33-analyze-brief.md","26dabb812902618bebf3e81a8a3341d8b5e475fbab2c7b2e1a1f8b4463363979"
"md","step-34-create-summary","wds","wds/workflows/wds-1-project-brief/steps-c/step-34-create-summary.md","f63c2f6039fa6110c7b4da860e8c0cafd90ac7d6d17491a75997e34ad3c974b6"
"md","step-35-update-design-log","wds","wds/workflows/wds-1-project-brief/steps-c/step-35-update-design-log.md","de02b94dac8cd250795d703479fc931081b325f3a74b076384654f68eec9fdd7"
"md","step-36-provide-activation","wds","wds/workflows/wds-1-project-brief/steps-c/step-36-provide-activation.md","5972a684bc5eb007dfd5f0b820851da53e540a83d34435862bcba4b82c70ff23"
"md","stitch-prompt.template","wds","wds/workflows/wds-6-asset-generation/templates/stitch-prompt.template.md","9bace9310fad7560b89e7ae65f707a86189e871896d48189c872c22232a5cf3d"
"md","story-file-template","wds","wds/workflows/wds-5-agentic-development/templates/story-file-template.md","f8af85ba4d8e037cf6657f73ff6455f900ecbb6d961f96a33edde147c7dba161"
"md","STORYBOARD-INTEGRATION","wds","wds/workflows/wds-4-ux-design/data/modular-architecture/STORYBOARD-INTEGRATION.md","0f56c690cca5b23c6c8c2175f7e4df1f8d4ac605583bc469ce0f4dceb1864ca6"
"md","storyboard-specification.template","wds","wds/workflows/wds-4-ux-design/templates/storyboard-specification.template.md","c02afbd1f0de9ad949bdcab52497e9b4577aa6298af0803fd6f6d92a013dee96"
"md","storyboards-guide","wds","wds/workflows/wds-4-ux-design/data/modular-architecture/02-workflows/storyboards-guide.md","1a3dd651f44b99e4814549bf49aecc9ac1ffe68fb462054045d0642ed1d874d7"
"md","strategic-design","wds","wds/data/agent-guides/freya/strategic-design.md","63c1400c7f3642a7ae2b35eb8c8e1c9d09e6809db06fc6b89dab3a2bbbadcf97"
"md","strategic-documentation","wds","wds/data/agent-guides/saga/strategic-documentation.md","6fb4bcf1d0663e377ac73aa01183ae015577a7314c24db198f21d1f0ae44dc4a"
"md","substeps-guide","wds","wds/workflows/wds-4-ux-design/data/substeps-guide.md","6c3c1f5177209d6c49e43ff0647140caf1343367b4ecfba2d21d7e84fa679aa3"
"md","test-result-templates","wds","wds/workflows/wds-5-agentic-development/data/test-result-templates.md","0c91cf13b2f51407c321e92cedfa2cdc91be83922d73c43317ac25147fd9493d"
"md","testing-guide","wds","wds/workflows/wds-5-agentic-development/data/testing-guide.md","a7917ad16335d223b394e09410aee638d6e1cdfa1a490766a576c3794d42f37a"
"md","TEXT-DETECTION-PRIORITY","wds","wds/workflows/wds-4-ux-design/data/object-types/TEXT-DETECTION-PRIORITY.md","7636283a05d1e989feabd852b7f08ed0b9b691112c223c0250e312bf550003fd"
"md","text-input","wds","wds/workflows/wds-4-ux-design/data/object-types/templates/text-input.md","14aadbd8bf50ae269efeb00ccaaf005d17cb3f9c2d712e995f7e531e6ad1c9ec"
"md","three-tier-overview","wds","wds/workflows/wds-4-ux-design/data/modular-architecture/01-core-concepts/three-tier-overview.md","1e651f59f181608a4f5dc05ed75bba66a339b2cd5cdbfcc3cdd47d8010a18aa3"
"md","token-architecture","wds","wds/data/design-system/token-architecture.md","b9a25beb5b258e7eef7726ca51f9eb3b1e0771bbd67826eec0bbd24f2c77f15f"
"md","tone-of-voice-example","wds","wds/workflows/wds-1-project-brief/data/tone-of-voice-example.md","93db79c791f3c7ce2d472a0f377d8f39c14ded5fe7ac17c4ae578161a8ebf7e7"
"md","tone-of-voice-output-template","wds","wds/workflows/wds-1-project-brief/data/tone-of-voice-output-template.md","6bb608fb04d520d3e81170af198822307959373eff92cbe16646ef423cdbea41"
"md","tools-reference","wds","wds/workflows/wds-6-asset-generation/data/tools-reference.md","c06725bb5e2273255e9f8dfb8a2b9249d11f1a6f273b5ffd1ca0c25d2d245ac9"
"md","TRANSLATION-ORGANIZATION-GUIDE","wds","wds/workflows/wds-4-ux-design/data/guides/TRANSLATION-ORGANIZATION-GUIDE.md","42455557055a41fd5a74641cad133b540a0e77382a50d7d39ff7219466d593bb"
"md","trigger-map.template","wds","wds/workflows/wds-0-project-setup/resources/wds-2-trigger-mapping/templates/trigger-map.template.md","e1e0423713f5ba9e801fa8ba82c257b262d2a4f3c298751fdca097edf677221d"
"md","trigger-map.template","wds","wds/workflows/wds-2-trigger-mapping/templates/trigger-map.template.md","e1e0423713f5ba9e801fa8ba82c257b262d2a4f3c298751fdca097edf677221d"
"md","trigger-mapping","wds","wds/data/agent-guides/saga/trigger-mapping.md","d1255041bc7a7391c90c3dbd961872ec1944b37c9c7476ca6e0e9dd74f4bb4b7"
"md","USAGE","wds","wds/workflows/wds-0-project-setup/resources/wds-1-project-brief/templates/project-brief-dialog/USAGE.md","f4f6777fe7dfa4ffb34d8225c13e32e5f49ed43e19dfb516a6d26e99dabd38e9"
"md","USAGE","wds","wds/workflows/wds-1-project-brief/templates/project-brief-dialog/USAGE.md","f4f6777fe7dfa4ffb34d8225c13e32e5f49ed43e19dfb516a6d26e99dabd38e9"
"md","validation-patterns","wds","wds/data/design-system/validation-patterns.md","69f98e70418aeb19d75cd8f7c04e72525f362de8adaa9c82b96850d05f9a83f0"
"md","validation-standards","wds","wds/workflows/wds-3-scenarios/data/validation-standards.md","3124a6f19d7baee5966f677fc1c6ff86414a8053dbf201c59a69aa7def425faa"
"md","validation-standards","wds","wds/workflows/wds-4-ux-design/data/validation-standards.md","ab51a06c196949570987996e93ad914fbeabad0bfeda1f909e437b196180bcf5"
"md","vision-explore","wds","wds/workflows/wds-1-project-brief/data/vision-explore.md","e78666bb3c27825be544e5ae3de151d3ca60bd0d1891863b4fd39b3cd0f58f51"
"md","vision-open-conversation","wds","wds/workflows/wds-1-project-brief/data/vision-open-conversation.md","ed9eb6becfc42695fdc4391fd8a103dece621105dfc92b27f2a32f99762a1109"
"md","vision-reflect-confirm","wds","wds/workflows/wds-1-project-brief/data/vision-reflect-confirm.md","fc30991f806f7af4cbeb8213f4dce84861b3c05f2c60954b5b6787254a42af53"
"md","vision-synthesize","wds","wds/workflows/wds-1-project-brief/data/vision-synthesize.md","32f72d5f71c89ab39f36b37662fe43d9880401042010ec6ba0fa21d4ef3c9b3f"
"md","visual-direction.template","wds","wds/workflows/wds-0-project-setup/resources/wds-1-project-brief/templates/visual-direction.template.md","4d4de5a305985411bf0e2676da683480fdc7fd297b42f32d15d26755e29df4fc"
"md","visual-direction.template","wds","wds/workflows/wds-1-project-brief/templates/visual-direction.template.md","4d4de5a305985411bf0e2676da683480fdc7fd297b42f32d15d26755e29df4fc"
"md","watercolor","wds","wds/workflows/wds-6-asset-generation/data/styles/content-styles/watercolor.md","91f935adef2348844453767fb3cee29b09d92e6c1dbcce7e8c02e14919ef19d3"
"md","wds-glossary","wds","wds/data/wds-glossary.md","2039f9a55807bf72d814361ce7e48700898a1bd9f751dd8273369865a061e171"
"md","WDS-SPECIFICATION-PATTERN","wds","wds/workflows/wds-4-ux-design/data/guides/WDS-SPECIFICATION-PATTERN.md","aa9e2aaadbbc95ed8320ebec8cd39622f6d33309eba99b5cf37261853ba5c15e"
"md","when-to-extract-decision-guide","wds","wds/workflows/wds-6-asset-generation/data/when-to-extract-decision-guide.md","c7fd73399aa8806155f69489dc5325053298e4a7a034e5bf728dbaa06b7050ce"
"md","workflow","wds","wds/workflows/wds-0-alignment-signoff/workflow.md","e4dcf7ebbff0fdcbb19fb963c90470638792b7824514f2947c89a6f2156e65be"
"md","workflow","wds","wds/workflows/wds-0-project-setup/workflow.md","990bc998e5eafedf619507d2c12ffb5fd1d8dd36a0aded43d10c5dd000b6a2c2"
"md","workflow","wds","wds/workflows/wds-1-project-brief/workflow.md","a424481d5eee4c499ecef289215015928877eca2b1054fe9a9c668fd5bf588ba"
"md","workflow","wds","wds/workflows/wds-2-trigger-mapping/workflow.md","d5e4aeed2286acec9d73027ee0949872e8c5fe0f64a42df84b8ce4a7d90a6177"
"md","workflow","wds","wds/workflows/wds-3-scenarios/workflow.md","c5356665f9ea3af7ceadefb30740adf1e7c02aecf97badda89464c885bd7f4c0"
"md","workflow","wds","wds/workflows/wds-4-ux-design/data/modular-architecture/workflow.md","00620f9297dc4af41531ab1feb7b3f01330748bc63a01a88ae02cba73ab42158"
"md","workflow","wds","wds/workflows/wds-4-ux-design/data/object-types/workflow.md","18a049122d6fd4326e887fbedba778f648da78678a2359eed315ec8f2c0f238a"
"md","workflow","wds","wds/workflows/wds-4-ux-design/workflow.md","9b66920b1072f7643ed662ef3cbf1ad82a80a6f4eb2e07ff0dce60f80949d492"
"md","workflow","wds","wds/workflows/wds-5-agentic-development/workflow.md","8b19ef6cd40a022522451adfedfec0f65fad9adfe3c7f9c8d11b95b43edb9868"
"md","workflow","wds","wds/workflows/wds-6-asset-generation/workflow.md","5fe59b98e3831861d38bbb6e81335b4507a76c67f43d8c293f27d6125742cc4f"
"md","workflow","wds","wds/workflows/wds-7-design-system/workflow.md","5cdfa8692d03ad0335aaa7e74ff4618e6af63a2eaab884e780e3c6b70424b0af"
"md","workflow","wds","wds/workflows/wds-8-product-evolution/workflow.md","980fbfe827e396d8bc52788834e5071695e2fe14bccd9c840841b92145f9f45f"
"md","workflow-acceptance-testing","wds","wds/workflows/wds-5-agentic-development/workflow-acceptance-testing.md","97d82cd31f09737bbee2ff9247a38a1cfeb6d6d58bfd8e0c1c84b13b95fe16d4"
"md","workflow-analysis","wds","wds/workflows/wds-5-agentic-development/workflow-analysis.md","5f5fb125074a17f80703d226f2f5b10e72dba297dd01c2dc8b7611784b39c08d"
"md","workflow-analyze","wds","wds/workflows/wds-8-product-evolution/workflow-analyze.md","a8eb977aa7c34bcf865cdf11d0d3641070d6a5cd03d5bcfe188cc7ff6c0f2ef2"
"md","workflow-browse","wds","wds/workflows/wds-7-design-system/workflow-browse.md","2a961a3f19cac758a0fbcb9bfd541af877e7b1519238a0e0454f25ed5604a927"
"md","workflow-bugfixing","wds","wds/workflows/wds-5-agentic-development/workflow-bugfixing.md","25b540ec4703013016e23a66be1bc5da15d125022dbd801ab51b1718ea4d5ed9"
"md","workflow-conceptualize","wds","wds/workflows/wds-4-ux-design/workflow-conceptualize.md","80c1fb568b9596d97f7fc462b232aabcc7565fa99856042723f505f829392148"
"md","workflow-content","wds","wds/workflows/wds-6-asset-generation/workflow-content.md","5633139635fed61f720fc1f249e8ce77e3b4fa0aa5c4e9ee7195f896a4d49084"
"md","workflow-create","wds","wds/workflows/wds-7-design-system/workflow-create.md","0ef810775d140da15dc80b3353148ffa1a196fc7bc651c58a70fa56c02d48386"
"md","workflow-deploy","wds","wds/workflows/wds-8-product-evolution/workflow-deploy.md","72f86643f4de09e512178f7fd5167cbf20ceedbef4f83e12cda5c27f2882f03c"
"md","workflow-design","wds","wds/workflows/wds-8-product-evolution/workflow-design.md","8f6b5975b16ad7404230c93152ab056c4fac87eb6a760c1e45e7574cae9139ce"
"md","workflow-design-system","wds","wds/workflows/wds-4-ux-design/workflow-design-system.md","d37152cf4704bfa44bdabbb8a67aa331761ceed836677c2ec580b3da01d7db78"
"md","workflow-development","wds","wds/workflows/wds-5-agentic-development/workflow-development.md","9883a1926ee81a917c1da81cb1d25bceb421b9b0bc9ccaa8a32cd2190ea40243"
"md","workflow-dream","wds","wds/workflows/wds-4-ux-design/workflow-dream.md","e65084c9806698b2b7921440cd5fc88df92172d4c9170e84e3519c08ac14cf96"
"md","workflow-edit","wds","wds/workflows/wds-7-design-system/workflow-edit.md","ac794783451d74f571bc2878c838e471f1d7abd28b98ed909bd437a950bc39f2"
"md","workflow-evolution","wds","wds/workflows/wds-5-agentic-development/workflow-evolution.md","dbdfd7a2c3eed63c23835d7dee51817d93f5583a0e73b04abdd10647c08bba26"
"md","workflow-figma","wds","wds/workflows/wds-6-asset-generation/workflow-figma.md","7ce7d44c9744086272a393db1a771ce219ec52bb4559b46b8b3857809440ede5"
"md","workflow-handover","wds","wds/workflows/wds-4-ux-design/workflow-handover.md","2bafcbc89d95cba807c7bbc2040fcf46a15523ae5c63780d59b1ebfad3fa59da"
"md","workflow-icons","wds","wds/workflows/wds-6-asset-generation/workflow-icons.md","ca75951b62232cd305cd58769d1be72cbb2b2a3812c804f2fae84f3655aa9aac"
"md","workflow-images","wds","wds/workflows/wds-6-asset-generation/workflow-images.md","c24712dcc7ac2bd57d7c08af42b2ced51ad674af979b7b3f2f9584c7717c0daf"
"md","workflow-implement","wds","wds/workflows/wds-8-product-evolution/workflow-implement.md","f1ba07f816b57d467b29e0c7849c80688565d58b4aeedce2c16bad45a8d7f5c8"
"md","workflow-import","wds","wds/workflows/wds-7-design-system/workflow-import.md","d7466cd2ec2c0340e4dcdce99596ce16085fd3c766646f621c9a36b6c6edf980"
"md","workflow-page-designs","wds","wds/workflows/wds-6-asset-generation/workflow-page-designs.md","5134f30a42d0a47cd683ee192396ce2a22565433c007e5972782be86a0c79d39"
"md","workflow-prototyping","wds","wds/workflows/wds-5-agentic-development/workflow-prototyping.md","785e9d51acd52502071573d261856cda9a1790d644dbf742f0a030a000653db9"
"md","workflow-reverse-engineering","wds","wds/workflows/wds-5-agentic-development/workflow-reverse-engineering.md","b4ac22aa5afd9202b06ec0f299d221162c42ff16545f26217e821705b8a83b5d"
"md","workflow-scope","wds","wds/workflows/wds-8-product-evolution/workflow-scope.md","830661e3ed834c39f29c24b4a1b50397c1ff5a460053ecb25b768fca6e20a475"
"md","workflow-sketch","wds","wds/workflows/wds-4-ux-design/workflow-sketch.md","1d58375e916582d0e5c168c580c39a9b6238ed8d75461071a1b5a9bb8fddc4ca"
"md","workflow-specify","wds","wds/workflows/wds-4-ux-design/workflow-specify.md","6f39bd46a2d7bac967a83bf800ed17274d2f490c4723e40f3439e1ab9282c147"
"md","workflow-stitch","wds","wds/workflows/wds-6-asset-generation/workflow-stitch.md","4797ca3874fb3a2d57f9e7b6cb1a5d4c491aa64f7eac29ee2405563d5d8de66f"
"md","workflow-suggest","wds","wds/workflows/wds-4-ux-design/workflow-suggest.md","be210991caf05b72daa84398035ff2a27354c4898a1692d26c597edb25ceae3a"
"md","workflow-test","wds","wds/workflows/wds-8-product-evolution/workflow-test.md","1a8d3869dc7face05313cb9f3265ee0adf60befe3e61b25e11c001ae15d7b5f2"
"md","workflow-ui-elements","wds","wds/workflows/wds-6-asset-generation/workflow-ui-elements.md","6280282e5e40172b87cd02b00acadc28eb4fe67a20d31a336ad8f32fe6b0b920"
"md","workflow-validate","wds","wds/workflows/wds-1-project-brief/workflow-validate.md","efade596792daa75480a424cd55208685d0337d045a0c9066c73cff2382efc21"
"md","workflow-validate","wds","wds/workflows/wds-2-trigger-mapping/workflow-validate.md","a8108c0f35d9f98cbcc9d77230cfb9fc64d1c96f5c32c2b5f004ada89719ba40"
"md","workflow-validate","wds","wds/workflows/wds-3-scenarios/workflow-validate.md","217dcf7e869af08569bd823da357dcbc2853a341309e7d85a12a170bcfaac824"
"md","workflow-validate","wds","wds/workflows/wds-4-ux-design/workflow-validate.md","9a44a0bb86fa2609537dbe81c174fbd3b73cba5237dada1306d2225d02227a50"
"md","workflow-videos","wds","wds/workflows/wds-6-asset-generation/workflow-videos.md","8a2efb15c497be5d648d919deb8706c42959aec1e3f5800dc3f6710f9144e247"
"md","workflow-view","wds","wds/workflows/wds-7-design-system/workflow-view.md","cbb5aedce610904bddf8418e8dc2f2ff48d2bffe8380fc33aab9fef4014349cd"
"md","workflow-visual","wds","wds/workflows/wds-4-ux-design/workflow-visual.md","358b3d3009403646d8f7259930d4bbc7ad0af1f60cfa278b5f8cafe05bb43481"
"md","workflow-wireframes","wds","wds/workflows/wds-6-asset-generation/workflow-wireframes.md","7af3e70d734e9556f53a33039d4f549c90391b8453cbaff17d380fb6faf062cf"
"md","working-with-existing-materials","wds","wds/data/agent-guides/saga/working-with-existing-materials.md","7e539e21c8ecea8488dc869d554cfc391a4a33a777f8ffe994578bf10062286a"
"md","workshop-c-placeholder-pages","wds","wds/workflows/wds-4-ux-design/data/page-creation-flows/workshop-c-placeholder-pages.md","4af728531656fc7e8143426b6a541a608e7cd3b769dc002b89028bdcfbf6b709"
"md","workshop-page-creation","wds","wds/workflows/wds-4-ux-design/data/page-creation-flows/workshop-page-creation.md","a78220922edc9ce0d3ddbff5cb295131a0989f2f1fd8f4d4089ea6c135c6fa9a"
"md","workshop-page-process","wds","wds/workflows/wds-4-ux-design/data/page-creation-flows/workshop-page-process.md","7cb2560753858174833f6e9859b83fa38b96af0941e1af84fa829b5a9a871273"
"md","wrap","wds","wds/skills/wrap.md","48eb132cfa8a834d27a6cc236e3c37d9d02431c7f1f07614086778e26cd36d22"
"toml","customize","wds","wds/agents/wds-agent-freya-ux/customize.toml","10085891e9ce15a2eb0d77f6d3a76ff266b0313dd12ae81d36aebbb00662805e"
"toml","customize","wds","wds/agents/wds-agent-mimir-builder/customize.toml","f9da10f9c744f1865355a0f760dea7a52a3d6d6f1b8efa5183cbd3cb24603718"
"toml","customize","wds","wds/agents/wds-agent-saga-analyst/customize.toml","bbdb71c3675b1bbbb61850f943e064e0cd9edea694327a632c31132a67d971dd"
"xml","workflow","wds","wds/workflows/wds-3-scenarios/workflow.xml","2df65878a5f478700bd1740012682c0fdf91924f69f6ea4cd7d660986ab51e22"
"xml","workflow-specify","wds","wds/workflows/wds-4-ux-design/workflow-specify.xml","7bfd1ba5c1a1d08afac2d0fd44114dd289077df4df4db618c7c350621ef4cfc1"
"yaml","config","wds","wds/config.yaml","25172e950bfc21a7dbb89304ecf031d21474a300135a074cda929636bf26c95f"
"yaml","design-delivery.template","wds","wds/workflows/wds-4-ux-design/templates/design-delivery.template.yaml","90f89ab05cfedb482866af69bfb78e4b466b3772ce99ebca835a1b0790f2c957"
"yaml","platform-requirements.template","wds","wds/workflows/wds-0-project-setup/resources/wds-1-project-brief/templates/platform-requirements.template.yaml","35c1c99f144f6ab59a20257f735a25bdea6ebfff21854b7cf62f361fcf2643e6"
"yaml","platform-requirements.template","wds","wds/workflows/wds-1-project-brief/templates/platform-requirements.template.yaml","35c1c99f144f6ab59a20257f735a25bdea6ebfff21854b7cf62f361fcf2643e6"
"yaml","test-scenario.template","wds","wds/workflows/wds-4-ux-design/templates/test-scenario.template.yaml","569a9395d560a98bf051832da082deec61b56176fea2131c6c178e06867354d4"
"yaml","work-file-template","wds","wds/workflows/wds-5-agentic-development/templates/work-file-template.yaml","a11370277e14a50678069808e979239e17ecab181cadd4e984b4999d84eb521f"
